,Título do Artigo,Autor,Palavras-chave,Resumo,Link,Link para o Sumário Executivo
0,Revista Desafios do Desenvolvimento - edição 88,,"ipea, economia, governo, federal, brasil, desenvolvimento, instituto de pesquisa econômica aplicada, secretaria de assuntos estratégicos, sae, pesquisa",Ipea - Instituto de Pesquisa Econômica Aplicada,https://portalantigo.ipea.gov.br/portal/index.php?option=com_content&view=article&id=29065,
1,Revista Desafios do Desenvolvimento - edição 87,Rodrigo Costa,"ipea, economia, governo, federal, brasil, desenvolvimento, instituto de pesquisa econômica aplicada, secretaria de assuntos estratégicos, sae, pesquisa",Ipea - Instituto de Pesquisa Econômica Aplicada,https://portalantigo.ipea.gov.br/portal/index.php?option=com_content&view=article&id=27986,
2,Revista Desafios do Desenvolvimento - edição 86,Rodrigo Costa,"ipea, economia, governo, federal, brasil, desenvolvimento, instituto de pesquisa econômica aplicada, secretaria de assuntos estratégicos, sae, pesquisa",Ipea - Instituto de Pesquisa Econômica Aplicada,https://portalantigo.ipea.gov.br/portal/index.php?option=com_content&view=article&id=27500,
3,Revista Desafios do Desenvolvimento - edição 85,Rodrigo Costa,"ipea, economia, governo, federal, brasil, desenvolvimento, instituto de pesquisa econômica aplicada, secretaria de assuntos estratégicos, sae, pesquisa",Ipea - Instituto de Pesquisa Econômica Aplicada,https://portalantigo.ipea.gov.br/portal/index.php?option=com_content&view=article&id=27065,
4,Revista Desafios do Desenvolvimento - edição 83,Rodrigo Costa,"ipea, economia, governo, federal, brasil, desenvolvimento, instituto de pesquisa econômica aplicada, secretaria de assuntos estratégicos, sae, pesquisa",Ipea - Instituto de Pesquisa Econômica Aplicada,https://portalantigo.ipea.gov.br/portal/index.php?option=com_content&view=article&id=25702,
5,Revista Desafios do Desenvolvimento - edição 84,,"ipea, economia, governo, federal, brasil, desenvolvimento, instituto de pesquisa econômica aplicada, secretaria de assuntos estratégicos, sae, pesquisa",Ipea - Instituto de Pesquisa Econômica Aplicada,https://portalantigo.ipea.gov.br/portal/index.php?option=com_content&view=article&id=26662,
6,Revista Desafios do Desenvolvimento - edição 82,Pedro Cavalcanti,"ipea, economia, governo, federal, brasil, desenvolvimento, instituto de pesquisa econômica aplicada, secretaria de assuntos estratégicos, sae, pesquisa",Ipea - Instituto de Pesquisa Econômica Aplicada,https://portalantigo.ipea.gov.br/portal/index.php?option=com_content&view=article&id=25170,
7,Revista Desafios do Desenvolvimento - edição 81,Fernanda Carneiro,"ipea, economia, governo, federal, brasil, desenvolvimento, instituto de pesquisa econômica aplicada, secretaria de assuntos estratégicos, sae, pesquisa",Ipea - Instituto de Pesquisa Econômica Aplicada,https://portalantigo.ipea.gov.br/portal/index.php?option=com_content&view=article&id=24427,
8,Revista Desafios do Desenvolvimento - edição 80,Pedro Cavalcanti,"ipea, economia, governo, federal, brasil, desenvolvimento, instituto de pesquisa econômica aplicada, secretaria de assuntos estratégicos, sae, pesquisa",Ipea - Instituto de Pesquisa Econômica Aplicada,https://portalantigo.ipea.gov.br/portal/index.php?option=com_content&view=article&id=23859,
9,Revista Desafios do Desenvolvimento - edição 079,,"ipea, economia, governo, federal, brasil, desenvolvimento, instituto de pesquisa econômica aplicada, secretaria de assuntos estratégicos, sae, pesquisa",Ipea - Instituto de Pesquisa Econômica Aplicada,https://portalantigo.ipea.gov.br/portal/index.php?option=com_content&view=article&id=22438,
10,Revista Desafios do Desenvolvimento - edição 078,,"ipea, economia, governo, federal, brasil, desenvolvimento, instituto de pesquisa econômica aplicada, secretaria de assuntos estratégicos, sae, pesquisa",Ipea - Instituto de Pesquisa Econômica Aplicada,https://portalantigo.ipea.gov.br/portal/index.php?option=com_content&view=article&id=21139,
11,Comunicado do Ipea nº 161 - Indicadores de mobilidade urbana da PNAD 2012,Pedro Cavalcanti,"ipea, economia, governo, federal, brasil, desenvolvimento, instituto de pesquisa econômica aplicada, secretaria de assuntos estratégicos, sae, pesquisa",Ipea - Instituto de Pesquisa Econômica Aplicada,https://portalantigo.ipea.gov.br/portal/index.php?option=com_content&view=article&id=20330,
12,Revista Desafios do Desenvolvimento - edição 077,,"ipea, economia, governo, federal, brasil, desenvolvimento, instituto de pesquisa econômica aplicada, secretaria de assuntos estratégicos, sae, pesquisa",Ipea - Instituto de Pesquisa Econômica Aplicada,https://portalantigo.ipea.gov.br/portal/index.php?option=com_content&view=article&id=20066,
13,Comunicado do Ipea nº 160 - Um retrato de duas décadas do mercado de trabalho brasileiro utilizando a PNAD,,"ipea, economia, governo, federal, brasil, desenvolvimento, instituto de pesquisa econômica aplicada, secretaria de assuntos estratégicos, sae, pesquisa",Ipea - Instituto de Pesquisa Econômica Aplicada,https://portalantigo.ipea.gov.br/portal/index.php?option=com_content&view=article&id=20065,
14,Comunicado do Ipea nº 159 - Duas décadas de desigualdade e pobreza no Brasil medidas pela PNAD/IBGE,,"ipea, economia, governo, federal, brasil, desenvolvimento, instituto de pesquisa econômica aplicada, secretaria de assuntos estratégicos, sae, pesquisa",Ipea - Instituto de Pesquisa Econômica Aplicada,https://portalantigo.ipea.gov.br/portal/index.php?option=com_content&view=article&id=19995,
15,Revista Desafios do Desenvolvimento - edição 076,,"ipea, economia, governo, federal, brasil, desenvolvimento, instituto de pesquisa econômica aplicada, secretaria de assuntos estratégicos, sae, pesquisa",Ipea - Instituto de Pesquisa Econômica Aplicada,https://portalantigo.ipea.gov.br/portal/index.php?option=com_content&view=article&id=17002,
16,Revista Desafios do Desenvolvimento - edição 075,,"ipea, economia, governo, federal, brasil, desenvolvimento, instituto de pesquisa econômica aplicada, secretaria de assuntos estratégicos, sae, pesquisa",Ipea - Instituto de Pesquisa Econômica Aplicada,https://portalantigo.ipea.gov.br/portal/index.php?option=com_content&view=article&id=16765,
17,Comunicado do Ipea nº 158 - 2012: desenvolvimento inclusivo sustentável?,,"ipea, economia, governo, federal, brasil, desenvolvimento, instituto de pesquisa econômica aplicada, secretaria de assuntos estratégicos, sae, pesquisa",Ipea - Instituto de Pesquisa Econômica Aplicada,https://portalantigo.ipea.gov.br/portal/index.php?option=com_content&view=article&id=16493,
18,Revista Desafios do Desenvolvimento - edição 074,,"ipea, economia, governo, federal, brasil, desenvolvimento, instituto de pesquisa econômica aplicada, secretaria de assuntos estratégicos, sae, pesquisa",Ipea - Instituto de Pesquisa Econômica Aplicada,https://portalantigo.ipea.gov.br/portal/index.php?option=com_content&view=article&id=16147,
19,Comunicado do Ipea nº 157 - Tendências demográficas mostradas pela PNAD 2011,,"ipea, economia, governo, federal, brasil, desenvolvimento, instituto de pesquisa econômica aplicada, secretaria de assuntos estratégicos, sae, pesquisa",Ipea - Instituto de Pesquisa Econômica Aplicada,https://portalantigo.ipea.gov.br/portal/index.php?option=com_content&view=article&id=15745,
20,Comunicado do Ipea nº 156 - PNAD 2011: primeiras análises sobre o mercado de trabalho brasileiro,,"ipea, economia, governo, federal, brasil, desenvolvimento, instituto de pesquisa econômica aplicada, secretaria de assuntos estratégicos, sae, pesquisa",Ipea - Instituto de Pesquisa Econômica Aplicada,https://portalantigo.ipea.gov.br/portal/index.php?option=com_content&view=article&id=15744,
21,"Comunicado do Ipea nº 155 - A Década Inclusiva (2001-2011): desigualdade, pobreza e políticas de renda",,"ipea, economia, governo, federal, brasil, desenvolvimento, instituto de pesquisa econômica aplicada, secretaria de assuntos estratégicos, sae, pesquisa",Ipea - Instituto de Pesquisa Econômica Aplicada,https://portalantigo.ipea.gov.br/portal/index.php?option=com_content&view=article&id=15611,
22,Comunicado do Ipea nº 154 - Gastos das famílias das regiões metropolitanas brasileiras com transporte urbano,,"ipea, economia, governo, federal, brasil, desenvolvimento, instituto de pesquisa econômica aplicada, secretaria de assuntos estratégicos, sae, pesquisa",Ipea - Instituto de Pesquisa Econômica Aplicada,https://portalantigo.ipea.gov.br/portal/index.php?option=com_content&view=article&id=15554,
23,Revista Desafios do Desenvolvimento - edição 073 ,,"ipea, economia, governo, federal, brasil, desenvolvimento, instituto de pesquisa econômica aplicada, secretaria de assuntos estratégicos, sae, pesquisa",Ipea - Instituto de Pesquisa Econômica Aplicada,https://portalantigo.ipea.gov.br/portal/index.php?option=com_content&view=article&id=15468,
24,Comunicado do Ipea nº 153 - Desafios e oportunidades para uma indústria espacial emergente: o caso do Brasil,,"ipea, economia, governo, federal, brasil, desenvolvimento, instituto de pesquisa econômica aplicada, secretaria de assuntos estratégicos, sae, pesquisa",Ipea - Instituto de Pesquisa Econômica Aplicada,https://portalantigo.ipea.gov.br/portal/index.php?option=com_content&view=article&id=14788,
25,Comunicado do Ipea nº 152 - Inovação tecnológica no setor elétrico brasileiro: uma avaliação do programa de P&D regulado pela Aneel,,"ipea, economia, governo, federal, brasil, desenvolvimento, instituto de pesquisa econômica aplicada, secretaria de assuntos estratégicos, sae, pesquisa",Ipea - Instituto de Pesquisa Econômica Aplicada,https://portalantigo.ipea.gov.br/portal/index.php?option=com_content&view=article&id=14714,
26,Comunicado do Ipea nº 151 - Os desafios do Desenvolvimento Sustentável para a América Latina na Rio+20,,"ipea, economia, governo, federal, brasil, desenvolvimento, instituto de pesquisa econômica aplicada, secretaria de assuntos estratégicos, sae, pesquisa",Ipea - Instituto de Pesquisa Econômica Aplicada,https://portalantigo.ipea.gov.br/portal/index.php?option=com_content&view=article&id=14564,
27,Revista Desafios do Desenvolvimento - edição 072,,"ipea, economia, governo, federal, brasil, desenvolvimento, instituto de pesquisa econômica aplicada, secretaria de assuntos estratégicos, sae, pesquisa",Ipea - Instituto de Pesquisa Econômica Aplicada,https://portalantigo.ipea.gov.br/portal/index.php?option=com_content&view=article&id=14555,
28,Comunicado do Ipea nº 150 - Internacionalização de empresas: experiências internacionais selecionadas,,"ipea, economia, governo, federal, brasil, desenvolvimento, instituto de pesquisa econômica aplicada, secretaria de assuntos estratégicos, sae, pesquisa",Ipea - Instituto de Pesquisa Econômica Aplicada,https://portalantigo.ipea.gov.br/portal/index.php?option=com_content&view=article&id=14519,
29,Comunicado do Ipea nº 149 - Trabalho para o mercado e trabalho para casa: persistentes desigualdades de gênero,,"ipea, economia, governo, federal, brasil, desenvolvimento, instituto de pesquisa econômica aplicada, secretaria de assuntos estratégicos, sae, pesquisa",Ipea - Instituto de Pesquisa Econômica Aplicada,https://portalantigo.ipea.gov.br/portal/index.php?option=com_content&view=article&id=14307,
30,Comunicado do Ipea nº 148 - Efeitos assimétricos da política monetária sobre inflação e crescimento no Brasil: diferenças conforme a fase do ciclo econômico e a direção e magnitude de choques nos juros,,"ipea, economia, governo, federal, brasil, desenvolvimento, instituto de pesquisa econômica aplicada, secretaria de assuntos estratégicos, sae, pesquisa",Ipea - Instituto de Pesquisa Econômica Aplicada,https://portalantigo.ipea.gov.br/portal/index.php?option=com_content&view=article&id=14152,
31,Revista Desafios do Desenvolvimento - edição 071,,"ipea, economia, governo, federal, brasil, desenvolvimento, instituto de pesquisa econômica aplicada, secretaria de assuntos estratégicos, sae, pesquisa",Ipea - Instituto de Pesquisa Econômica Aplicada,https://portalantigo.ipea.gov.br/portal/index.php?option=com_content&view=article&id=14090,
32,Comunicado do Ipea nº 147 - Download de músicas e filmes no Brasil: um perfil dos piratas online,,"ipea, economia, governo, federal, brasil, desenvolvimento, instituto de pesquisa econômica aplicada, secretaria de assuntos estratégicos, sae, pesquisa",Ipea - Instituto de Pesquisa Econômica Aplicada,https://portalantigo.ipea.gov.br/portal/index.php?option=com_content&view=article&id=14071,
33,Comunicado do Ipea nº 146 - O programa Minha Casa Minha Vida em municípios de até 50 mil habitantes: quadro institucional e prognósticos da provisão habitacional de interesse social,,"ipea, economia, governo, federal, brasil, desenvolvimento, instituto de pesquisa econômica aplicada, secretaria de assuntos estratégicos, sae, pesquisa",Ipea - Instituto de Pesquisa Econômica Aplicada,https://portalantigo.ipea.gov.br/portal/index.php?option=com_content&view=article&id=13970,
34,"Comunicado do Ipea nº 145 - Plano Nacional de Resíduos Sólidos: diagnóstico dos resíduos urbanos, agrosilvopastoris e a questão dos catadores",,"ipea, economia, governo, federal, brasil, desenvolvimento, instituto de pesquisa econômica aplicada, secretaria de assuntos estratégicos, sae, pesquisa",Ipea - Instituto de Pesquisa Econômica Aplicada,https://portalantigo.ipea.gov.br/portal/index.php?option=com_content&view=article&id=13917,
35,"Comunicado do Ipea nº 144 - Rodovias brasileiras: Investimentos, concessões e tarifas de pedágio",,"ipea, economia, governo, federal, brasil, desenvolvimento, instituto de pesquisa econômica aplicada, secretaria de assuntos estratégicos, sae, pesquisa",Ipea - Instituto de Pesquisa Econômica Aplicada,https://portalantigo.ipea.gov.br/portal/index.php?option=com_content&view=article&id=13845,
36,Comunicado do Ipea nº 143 - Parlamento do Mercosul: análise das propostas de eleição direta em discussão no Congresso Nacional,,"ipea, economia, governo, federal, brasil, desenvolvimento, instituto de pesquisa econômica aplicada, secretaria de assuntos estratégicos, sae, pesquisa",Ipea - Instituto de Pesquisa Econômica Aplicada,https://portalantigo.ipea.gov.br/portal/index.php?option=com_content&view=article&id=13768,
37,Comunicado do Ipea nº 142 - Coabitação familiar e formação de novos domicílios nas áreas urbanas brasileiras,,"ipea, economia, governo, federal, brasil, desenvolvimento, instituto de pesquisa econômica aplicada, secretaria de assuntos estratégicos, sae, pesquisa",Ipea - Instituto de Pesquisa Econômica Aplicada,https://portalantigo.ipea.gov.br/portal/index.php?option=com_content&view=article&id=13720,
38,Comunicado do Ipea nº 141 - A internacionalização das empresas indianas,Administrator,"ipea, economia, governo, federal, brasil, desenvolvimento, instituto de pesquisa econômica aplicada, secretaria de assuntos estratégicos, sae, pesquisa",Ipea - Instituto de Pesquisa Econômica Aplicada,https://portalantigo.ipea.gov.br/portal/index.php?option=com_content&view=article&id=13600,
39,Comunicado do Ipea nº 140 - Evolução do mercado de trabalho nos Estados Unidos e Europa em decorrência da crise econômica,Administrator,"ipea, economia, governo, federal, brasil, desenvolvimento, instituto de pesquisa econômica aplicada, secretaria de assuntos estratégicos, sae, pesquisa",Ipea - Instituto de Pesquisa Econômica Aplicada,https://portalantigo.ipea.gov.br/portal/index.php?option=com_content&view=article&id=13508,
40,Comunicado do Ipea nº 139 - Evolução do Índice de Qualidade do Desenvolvimento em 2011,Administrator,"ipea, economia, governo, federal, brasil, desenvolvimento, instituto de pesquisa econômica aplicada, secretaria de assuntos estratégicos, sae, pesquisa",Ipea - Instituto de Pesquisa Econômica Aplicada,https://portalantigo.ipea.gov.br/portal/index.php?option=com_content&view=article&id=13572,
41,Revista Desafios do Desenvolvimento - edição 070,Administrator,"ipea, economia, governo, federal, brasil, desenvolvimento, instituto de pesquisa econômica aplicada, secretaria de assuntos estratégicos, sae, pesquisa",Ipea - Instituto de Pesquisa Econômica Aplicada,https://portalantigo.ipea.gov.br/portal/index.php?option=com_content&view=article&id=13475,
42,Comunicado do Ipea nº 138 - A dinâmica recente das transferências públicas de assistência e previdência social,Administrator,"ipea, economia, governo, federal, brasil, desenvolvimento, instituto de pesquisa econômica aplicada, secretaria de assuntos estratégicos, sae, pesquisa",Ipea - Instituto de Pesquisa Econômica Aplicada,https://portalantigo.ipea.gov.br/portal/index.php?option=com_content&view=article&id=13427,
43,Comunicado do Ipea nº 137 - Biodiesel no Brasil: desafios das políticas públicas para a dinamização da produção,Administrator,"ipea, economia, governo, federal, brasil, desenvolvimento, instituto de pesquisa econômica aplicada, secretaria de assuntos estratégicos, sae, pesquisa",Ipea - Instituto de Pesquisa Econômica Aplicada,https://portalantigo.ipea.gov.br/portal/index.php?option=com_content&view=article&id=13354,
44,Comunicado do Ipea nº 136 - Cooperação Brasileira para o Desenvolvimento Internacional (Cobradi): O Brasil e os fundos multilaterais de desenvolvimento,Administrator,"ipea, economia, governo, federal, brasil, desenvolvimento, instituto de pesquisa econômica aplicada, secretaria de assuntos estratégicos, sae, pesquisa",Ipea - Instituto de Pesquisa Econômica Aplicada,https://portalantigo.ipea.gov.br/portal/index.php?option=com_content&view=article&id=13293,
45,Comunicado do Ipea nº 135 - Considerações sobre o pleno emprego no Brasil,Administrator,"ipea, economia, governo, federal, brasil, desenvolvimento, instituto de pesquisa econômica aplicada, secretaria de assuntos estratégicos, sae, pesquisa",Ipea - Instituto de Pesquisa Econômica Aplicada,https://portalantigo.ipea.gov.br/portal/index.php?option=com_content&view=article&id=13264,
46,Comunicado do Ipea nº 134 - Evolução da parcela do rendimento do trabalho durante a recente estabilidade monetária,,"ipea, economia, governo, federal, brasil, desenvolvimento, instituto de pesquisa econômica aplicada, secretaria de assuntos estratégicos, sae, pesquisa",Ipea - Instituto de Pesquisa Econômica Aplicada,https://portalantigo.ipea.gov.br/portal/index.php?option=com_content&view=article&id=13167,
47,Comunicado do Ipea nº 133 - Produtividade no Brasil nos anos 2000-2009: análise das Contas Nacionais,,"ipea, economia, governo, federal, brasil, desenvolvimento, instituto de pesquisa econômica aplicada, secretaria de assuntos estratégicos, sae, pesquisa",Ipea - Instituto de Pesquisa Econômica Aplicada,https://portalantigo.ipea.gov.br/portal/index.php?option=com_content&view=article&id=13094,
48,Comunicado do Ipea nº 132 - Participação social como método de governo: um mapeamento das “interfaces socioestatais” nos programas federais,,"ipea, economia, governo, federal, brasil, desenvolvimento, instituto de pesquisa econômica aplicada, secretaria de assuntos estratégicos, sae, pesquisa",Ipea - Instituto de Pesquisa Econômica Aplicada,https://portalantigo.ipea.gov.br/portal/index.php?option=com_content&view=article&id=12991,
49,Comunicado do Ipea nº 131 - Vulnerabilidade das famílias entre 2003 e 2009,,"ipea, economia, governo, federal, brasil, desenvolvimento, instituto de pesquisa econômica aplicada, secretaria de assuntos estratégicos, sae, pesquisa",Ipea - Instituto de Pesquisa Econômica Aplicada,https://portalantigo.ipea.gov.br/portal/index.php?option=com_content&view=article&id=12895,
50,Comunicado do Ipea nº 130 - Considerações sobre a desaceleração do PIB em 2011,Pedro Cavalcanti,"ipea, economia, governo, federal, brasil, desenvolvimento, instituto de pesquisa econômica aplicada, secretaria de assuntos estratégicos, sae, pesquisa",Ipea - Instituto de Pesquisa Econômica Aplicada,https://portalantigo.ipea.gov.br/portal/index.php?option=com_content&view=article&id=12851,
51,Comunicado do Ipea nº 129 - Presença do Estado no Brasil,João Cláudio Lima,"ipea, economia, governo, federal, brasil, desenvolvimento, instituto de pesquisa econômica aplicada, secretaria de assuntos estratégicos, sae, pesquisa",Ipea - Instituto de Pesquisa Econômica Aplicada,https://portalantigo.ipea.gov.br/portal/index.php?option=com_content&view=article&id=12823,
52,Comunicado do Ipea nº 128 - A nova Lei de Diretrizes da Política Nacional de Mobilidade Urbana,Pedro Cavalcanti,"ipea, economia, governo, federal, brasil, desenvolvimento, instituto de pesquisa econômica aplicada, secretaria de assuntos estratégicos, sae, pesquisa",Ipea - Instituto de Pesquisa Econômica Aplicada,https://portalantigo.ipea.gov.br/portal/index.php?option=com_content&view=article&id=12795,
53,Comunicado do Ipea nº 127 - Custo e tempo do processo de execução fiscal promovido pela Procuradoria Geral da Fazenda Nacional (PGFN),Pedro Cavalcanti,"ipea, economia, governo, federal, brasil, desenvolvimento, instituto de pesquisa econômica aplicada, secretaria de assuntos estratégicos, sae, pesquisa",Ipea - Instituto de Pesquisa Econômica Aplicada,https://portalantigo.ipea.gov.br/portal/index.php?option=com_content&view=article&id=12794,
54,Comunicado do Ipea nº 126 - Como anda o investimento público no Brasil?,João Cláudio Lima,"ipea, economia, governo, federal, brasil, desenvolvimento, instituto de pesquisa econômica aplicada, secretaria de assuntos estratégicos, sae, pesquisa",Ipea - Instituto de Pesquisa Econômica Aplicada,https://portalantigo.ipea.gov.br/portal/index.php?option=com_content&view=article&id=12752,
55,Revista Desafios do Desenvolvimento - edição 069,,"ipea, economia, governo, federal, brasil, desenvolvimento, instituto de pesquisa econômica aplicada, secretaria de assuntos estratégicos, sae, pesquisa",Ipea - Instituto de Pesquisa Econômica Aplicada,https://portalantigo.ipea.gov.br/portal/index.php?option=com_content&view=article&id=12738,
56,Comunicado do Ipea nº 125 - Divisões estaduais: aspectos relevantes de pesquisa e a experiência do plebiscito no Pará,,"ipea, economia, governo, federal, brasil, desenvolvimento, instituto de pesquisa econômica aplicada, secretaria de assuntos estratégicos, sae, pesquisa",Ipea - Instituto de Pesquisa Econômica Aplicada,https://portalantigo.ipea.gov.br/portal/index.php?option=com_content&view=article&id=12720,
57,Comunicado do Ipea nº 124 - Financiamento da educação: necessidades e possibilidades,,"ipea, economia, governo, federal, brasil, desenvolvimento, instituto de pesquisa econômica aplicada, secretaria de assuntos estratégicos, sae, pesquisa",Ipea - Instituto de Pesquisa Econômica Aplicada,https://portalantigo.ipea.gov.br/portal/index.php?option=com_content&view=article&id=12630,
58,Comunicado do Ipea nº 123 - Transferências federais a entidades privadas sem fins lucrativos (1999-2010),Pedro Cavalcanti,"ipea, economia, governo, federal, brasil, desenvolvimento, instituto de pesquisa econômica aplicada, secretaria de assuntos estratégicos, sae, pesquisa",Ipea - Instituto de Pesquisa Econômica Aplicada,https://portalantigo.ipea.gov.br/portal/index.php?option=com_content&view=article&id=12518,
59,Comunicado do Ipea nº 122 - Governo gastador ou transferidor? - um macrodiagnóstico das despesas federais (2001-2011),,"ipea, economia, governo, federal, brasil, desenvolvimento, instituto de pesquisa econômica aplicada, secretaria de assuntos estratégicos, sae, pesquisa",Ipea - Instituto de Pesquisa Econômica Aplicada,https://portalantigo.ipea.gov.br/portal/index.php?option=com_content&view=article&id=12430,
60,Comunicado do Ipea nº 100 - Mudanças na ordem global: desafios para o desenvolvimento brasileiro,,"ipea, economia, governo, federal, brasil, desenvolvimento, instituto de pesquisa econômica aplicada, secretaria de assuntos estratégicos, sae, pesquisa",Ipea - Instituto de Pesquisa Econômica Aplicada,https://portalantigo.ipea.gov.br/portal/index.php?option=com_content&view=article&id=12285,
61,Revista Desafios do Desenvolvimento - edição 068,,"ipea, economia, governo, federal, brasil, desenvolvimento, instituto de pesquisa econômica aplicada, secretaria de assuntos estratégicos, sae, pesquisa",Ipea - Instituto de Pesquisa Econômica Aplicada,https://portalantigo.ipea.gov.br/portal/index.php?option=com_content&view=article&id=12282,
62,Revista Desafios do Desenvolvimento - edição 067 ,,"ipea, economia, governo, federal, brasil, desenvolvimento, instituto de pesquisa econômica aplicada, secretaria de assuntos estratégicos, sae, pesquisa",Ipea - Instituto de Pesquisa Econômica Aplicada,https://portalantigo.ipea.gov.br/portal/index.php?option=com_content&view=article&id=12281,
63,Comunicado do Ipea nº 121 - As relações do Mercosul com Estados Unidos e China ante o deslocamento do centro dinâmico da economia mundial,Pedro Cavalcanti,"ipea, economia, governo, federal, brasil, desenvolvimento, instituto de pesquisa econômica aplicada, secretaria de assuntos estratégicos, sae, pesquisa",Ipea - Instituto de Pesquisa Econômica Aplicada,https://portalantigo.ipea.gov.br/portal/index.php?option=com_content&view=article&id=11355,
64,Comunicado do Ipea nº 120 - Evolução da desigualdade de rendimento domiciliar per capita nos municípios brasileiros,Pedro Cavalcanti,"ipea, economia, governo, federal, brasil, desenvolvimento, instituto de pesquisa econômica aplicada, secretaria de assuntos estratégicos, sae, pesquisa",Ipea - Instituto de Pesquisa Econômica Aplicada,https://portalantigo.ipea.gov.br/portal/index.php?option=com_content&view=article&id=11310,
65,"Comunicado do Ipea nº 119 - Estados Unidos, Europa e China no contexto da crise financeira internacional",João Cláudio Lima,"ipea, economia, governo, federal, brasil, desenvolvimento, instituto de pesquisa econômica aplicada, secretaria de assuntos estratégicos, sae, pesquisa",Ipea - Instituto de Pesquisa Econômica Aplicada,https://portalantigo.ipea.gov.br/portal/index.php?option=com_content&view=article&id=11197,
66,Comunicado do Ipea nº 118 - O planejamento da habitação de interesse social no Brasil: desafios e perspectivas,,"ipea, economia, governo, federal, brasil, desenvolvimento, instituto de pesquisa econômica aplicada, secretaria de assuntos estratégicos, sae, pesquisa",Ipea - Instituto de Pesquisa Econômica Aplicada,https://portalantigo.ipea.gov.br/portal/index.php?option=com_content&view=article&id=11067,
67,Comunicado do Ipea nº 117 - Gastos Tributários do governo federal: um debate necessário,,"ipea, economia, governo, federal, brasil, desenvolvimento, instituto de pesquisa econômica aplicada, secretaria de assuntos estratégicos, sae, pesquisa",Ipea - Instituto de Pesquisa Econômica Aplicada,https://portalantigo.ipea.gov.br/portal/index.php?option=com_content&view=article&id=10966,
68,Comunicado do Ipea nº 116 - Desafios contemporâneos na gestão das regiões metropolitanas,,"ipea, economia, governo, federal, brasil, desenvolvimento, instituto de pesquisa econômica aplicada, secretaria de assuntos estratégicos, sae, pesquisa",Ipea - Instituto de Pesquisa Econômica Aplicada,https://portalantigo.ipea.gov.br/portal/index.php?option=com_content&view=article&id=10881,
69,Comunicado do Ipea nº 115 - Perfil dos migrantes em São Paulo,,"ipea, economia, governo, federal, brasil, desenvolvimento, instituto de pesquisa econômica aplicada, secretaria de assuntos estratégicos, sae, pesquisa",Ipea - Instituto de Pesquisa Econômica Aplicada,https://portalantigo.ipea.gov.br/portal/index.php?option=com_content&view=article&id=10814,
70,Comunicado do Ipea nº 114 - Trajetórias da população de baixa renda no mercado de trabalho metropolitano brasileiro,,"ipea, economia, governo, federal, brasil, desenvolvimento, instituto de pesquisa econômica aplicada, secretaria de assuntos estratégicos, sae, pesquisa",Ipea - Instituto de Pesquisa Econômica Aplicada,https://portalantigo.ipea.gov.br/portal/index.php?option=com_content&view=article&id=10692,
71,Comunicado do Ipea nº 113 - Poluição veicular atmosférica,,"ipea, economia, governo, federal, brasil, desenvolvimento, instituto de pesquisa econômica aplicada, secretaria de assuntos estratégicos, sae, pesquisa",Ipea - Instituto de Pesquisa Econômica Aplicada,https://portalantigo.ipea.gov.br/portal/index.php?option=com_content&view=article&id=10581,
72,Comunicado do Ipea nº 112 - O uso dos instrumentos de financiamento para a política urbana no Brasil,,"ipea, economia, governo, federal, brasil, desenvolvimento, instituto de pesquisa econômica aplicada, secretaria de assuntos estratégicos, sae, pesquisa",Ipea - Instituto de Pesquisa Econômica Aplicada,https://portalantigo.ipea.gov.br/portal/index.php?option=com_content&view=article&id=10545,
73,Comunicado do Ipea nº 111 - Mudanças Recentes na Pobreza Brasileira,,"ipea, economia, governo, federal, brasil, desenvolvimento, instituto de pesquisa econômica aplicada, secretaria de assuntos estratégicos, sae, pesquisa",Ipea - Instituto de Pesquisa Econômica Aplicada,https://portalantigo.ipea.gov.br/portal/index.php?option=com_content&view=article&id=10469,
74,Revista Desafios do Desenvolvimento - edição 066,,"ipea, economia, governo, federal, brasil, desenvolvimento, instituto de pesquisa econômica aplicada, secretaria de assuntos estratégicos, sae, pesquisa",Ipea - Instituto de Pesquisa Econômica Aplicada,https://portalantigo.ipea.gov.br/portal/index.php?option=com_content&view=article&id=10457,
75,Comunicado do Ipea nº 110 - Ocupação no Setor Público Brasileiro: tendências recentes e questões em aberto,,"ipea, economia, governo, federal, brasil, desenvolvimento, instituto de pesquisa econômica aplicada, secretaria de assuntos estratégicos, sae, pesquisa",Ipea - Instituto de Pesquisa Econômica Aplicada,https://portalantigo.ipea.gov.br/portal/index.php?option=com_content&view=article&id=10352,
76,Comunicado do Ipea nº 109 - O Acordo de Copenhague e as decisões de Cancun no contexto da Convenção do Clima,,"ipea, economia, governo, federal, brasil, desenvolvimento, instituto de pesquisa econômica aplicada, secretaria de assuntos estratégicos, sae, pesquisa",Ipea - Instituto de Pesquisa Econômica Aplicada,https://portalantigo.ipea.gov.br/portal/index.php?option=com_content&view=article&id=10187,
77,Comunicado do Ipea nº 108 - Gasto Social Federal: uma análise da execução orçamentária de 2010,,"ipea, economia, governo, federal, brasil, desenvolvimento, instituto de pesquisa econômica aplicada, secretaria de assuntos estratégicos, sae, pesquisa",Ipea - Instituto de Pesquisa Econômica Aplicada,https://portalantigo.ipea.gov.br/portal/index.php?option=com_content&view=article&id=10147,
78,Comunicado do Ipea nº 107 - O Brasil ante a crise financeira internacional,,"ipea, economia, governo, federal, brasil, desenvolvimento, instituto de pesquisa econômica aplicada, secretaria de assuntos estratégicos, sae, pesquisa",Ipea - Instituto de Pesquisa Econômica Aplicada,https://portalantigo.ipea.gov.br/portal/index.php?option=com_content&view=article&id=10013,
79,Comunicado do Ipea nº 106 - Impactos do câmbio nos instrumentos de comércio internacional: o caso das tarifas,,"ipea, economia, governo, federal, brasil, desenvolvimento, instituto de pesquisa econômica aplicada, secretaria de assuntos estratégicos, sae, pesquisa",Ipea - Instituto de Pesquisa Econômica Aplicada,https://portalantigo.ipea.gov.br/portal/index.php?option=com_content&view=article&id=9860,
80,"Comunicado do Ipea nº 105 - Banco do Brasil, BNDES e Caixa Econômica Federal: a atuação dos bancos públicos federais no período 2003-2010",,"ipea, economia, governo, federal, brasil, desenvolvimento, instituto de pesquisa econômica aplicada, secretaria de assuntos estratégicos, sae, pesquisa",Ipea - Instituto de Pesquisa Econômica Aplicada,https://portalantigo.ipea.gov.br/portal/index.php?option=com_content&view=article&id=9834,
81,Comunicado do Ipea nº 104 - Natureza e dinâmica das mudanças recentes na renda e na estrutura ocupacional brasileiras (com versão em inglês),,"ipea, economia, governo, federal, brasil, desenvolvimento, instituto de pesquisa econômica aplicada, secretaria de assuntos estratégicos, sae, pesquisa",Ipea - Instituto de Pesquisa Econômica Aplicada,https://portalantigo.ipea.gov.br/portal/index.php?option=com_content&view=article&id=9629,
82,Comunicado do Ipea nº 103 - Avaliação do impacto da Emenda 32 sobre a edição de medidas provisórias,Acir Almeida,"ipea, economia, governo, federal, brasil, desenvolvimento, instituto de pesquisa econômica aplicada, secretaria de assuntos estratégicos, sae, pesquisa","Neste trabalho, avalia-se o impacto da emenda sobre a edição de MPs. Por meio de análise multivariada da frequência com que medidas originais foram editadas durante os anos 1995-2010, conclui-se que a reforma, apesar das impressões de ineficácia expostas acima, na verdade, reduziu o uso desse instrumento na produção de leis e de políticas públicas, e que ela apenas aumentou o seu uso para a abertura de créditos adicionais ao orçamento da União. Diante desse resultado, faz-se necessário rever a interpretação generalizada de que a emenda teria produzido efeito contrário ao esperado.",https://portalantigo.ipea.gov.br/portal/index.php?option=com_content&view=article&id=9606,
83,Comunicado do Ipea nº 102 - Dinâmica populacional e sistema de mobilidade nas metrópoles brasileiras,,"ipea, economia, governo, federal, brasil, desenvolvimento, instituto de pesquisa econômica aplicada, secretaria de assuntos estratégicos, sae, pesquisa",Ipea - Instituto de Pesquisa Econômica Aplicada,https://portalantigo.ipea.gov.br/portal/index.php?option=com_content&view=article&id=9491,
84,Comunicado do Ipea nº 101 - A dinâmica da inflação brasileira: considerações a partir da desagregação do IPCA,,"ipea, economia, governo, federal, brasil, desenvolvimento, instituto de pesquisa econômica aplicada, secretaria de assuntos estratégicos, sae, pesquisa",Ipea - Instituto de Pesquisa Econômica Aplicada,https://portalantigo.ipea.gov.br/portal/index.php?option=com_content&view=article&id=9391,
85,Comunicado do Ipea nº 099 - Ameaça ou oportunidade? Desdobramentos da crise financeira global para as empresas transnacionais russas,,"ipea, economia, governo, federal, brasil, desenvolvimento, instituto de pesquisa econômica aplicada, secretaria de assuntos estratégicos, sae, pesquisa",Ipea - Instituto de Pesquisa Econômica Aplicada,https://portalantigo.ipea.gov.br/portal/index.php?option=com_content&view=article&id=9304,
86,Comunicado do Ipea nº 098 - 15 anos de Gasto Social Federal: notas sobre o período de 1995 a 2009,,"ipea, economia, governo, federal, brasil, desenvolvimento, instituto de pesquisa econômica aplicada, secretaria de assuntos estratégicos, sae, pesquisa",Ipea - Instituto de Pesquisa Econômica Aplicada,https://portalantigo.ipea.gov.br/portal/index.php?option=com_content&view=article&id=9232,
87,Comunicado do Ipea nº 097 - As transformações estruturais do comércio exterior chinês,,"ipea, economia, governo, federal, brasil, desenvolvimento, instituto de pesquisa econômica aplicada, secretaria de assuntos estratégicos, sae, pesquisa",Ipea - Instituto de Pesquisa Econômica Aplicada,https://portalantigo.ipea.gov.br/portal/index.php?option=com_content&view=article&id=9132,
88,Comunicado do Ipea nº 096 - Código florestal: implicações do PL 1876/99 nas áreas de reserva legal,,"ipea, economia, governo, federal, brasil, desenvolvimento, instituto de pesquisa econômica aplicada, secretaria de assuntos estratégicos, sae, pesquisa",Ipea - Instituto de Pesquisa Econômica Aplicada,https://portalantigo.ipea.gov.br/portal/index.php?option=com_content&view=article&id=8810,
89,Comunicado do Ipea nº 095 - Vendas on-line no Brasil: uma análise do perfil dos usuários e da oferta pelo setor de comércio,,"ipea, economia, governo, federal, brasil, desenvolvimento, instituto de pesquisa econômica aplicada, secretaria de assuntos estratégicos, sae, pesquisa",Ipea - Instituto de Pesquisa Econômica Aplicada,https://portalantigo.ipea.gov.br/portal/index.php?option=com_content&view=article&id=8717,
90,Comunicado do Ipea nº 094 - A mobilidade urbana no Brasil,,"ipea, economia, governo, federal, brasil, desenvolvimento, instituto de pesquisa econômica aplicada, secretaria de assuntos estratégicos, sae, pesquisa",Ipea - Instituto de Pesquisa Econômica Aplicada,https://portalantigo.ipea.gov.br/portal/index.php?option=com_content&view=article&id=8589,
91,Comunicado do Ipea nº 093 - Condições de funcionamento e infraestrutura das instituições de longa permanência para idosos no Brasil,,"ipea, economia, governo, federal, brasil, desenvolvimento, instituto de pesquisa econômica aplicada, secretaria de assuntos estratégicos, sae, pesquisa",Ipea - Instituto de Pesquisa Econômica Aplicada,https://portalantigo.ipea.gov.br/portal/index.php?option=com_content&view=article&id=8571,
92,Comunicado do Ipea nº 092 - Equidade fiscal no Brasil: impactos distributivos da tributação e do gasto Social,,"ipea, economia, governo, federal, brasil, desenvolvimento, instituto de pesquisa econômica aplicada, secretaria de assuntos estratégicos, sae, pesquisa",Ipea - Instituto de Pesquisa Econômica Aplicada,https://portalantigo.ipea.gov.br/portal/index.php?option=com_content&view=article&id=8499,
93,Comunicado do Ipea nº 091 - Dinâmica demográfica da população negra brasileira,,"ipea, economia, governo, federal, brasil, desenvolvimento, instituto de pesquisa econômica aplicada, secretaria de assuntos estratégicos, sae, pesquisa",Ipea - Instituto de Pesquisa Econômica Aplicada,https://portalantigo.ipea.gov.br/portal/index.php?option=com_content&view=article&id=8391,
94,Revista Desafios do Desenvolvimento - edição 065,,"ipea, economia, governo, federal, brasil, desenvolvimento, instituto de pesquisa econômica aplicada, secretaria de assuntos estratégicos, sae, pesquisa",Ipea - Instituto de Pesquisa Econômica Aplicada,https://portalantigo.ipea.gov.br/portal/index.php?option=com_content&view=article&id=8279,
95,Comunicado do Ipea nº 090 - Situação atual das trabalhadoras domésticas no país,,"ipea, economia, governo, federal, brasil, desenvolvimento, instituto de pesquisa econômica aplicada, secretaria de assuntos estratégicos, sae, pesquisa",Ipea - Instituto de Pesquisa Econômica Aplicada,https://portalantigo.ipea.gov.br/portal/index.php?option=com_content&view=article&id=8278,
96,Comunicado do Ipea nº 089 - Emprego e oferta qualificada de mão de obra no Brasil: projeções para 2011,,"ipea, economia, governo, federal, brasil, desenvolvimento, instituto de pesquisa econômica aplicada, secretaria de assuntos estratégicos, sae, pesquisa",Ipea - Instituto de Pesquisa Econômica Aplicada,https://portalantigo.ipea.gov.br/portal/index.php?option=com_content&view=article&id=8155,
97,Comunicado do Ipea nº 089 - Employment and qualified manpower supply in Brazil: projections to 2011,,"ipea, economia, governo, federal, brasil, desenvolvimento, instituto de pesquisa econômica aplicada, secretaria de assuntos estratégicos, sae, pesquisa",Ipea - Instituto de Pesquisa Econômica Aplicada,https://portalantigo.ipea.gov.br/portal/index.php?option=com_content&view=article&id=8221,
98,Comunicado do Ipea nº 088 - Características da formalização do mercado de trabalho brasileiro entre 2001 e 2009,,"ipea, economia, governo, federal, brasil, desenvolvimento, instituto de pesquisa econômica aplicada, secretaria de assuntos estratégicos, sae, pesquisa",Ipea - Instituto de Pesquisa Econômica Aplicada,https://portalantigo.ipea.gov.br/portal/index.php?option=com_content&view=article&id=8138,
99,Comunicado do Ipea nº 087 - Custo unitário do processo de execução fiscal na Justiça Federal - variações relevantes,,"ipea, economia, governo, federal, brasil, desenvolvimento, instituto de pesquisa econômica aplicada, secretaria de assuntos estratégicos, sae, pesquisa",Ipea - Instituto de Pesquisa Econômica Aplicada,https://portalantigo.ipea.gov.br/portal/index.php?option=com_content&view=article&id=8085,
100,Comunicado do Ipea nº 086 - Relações comerciais e de investimentos do Brasil com os demais países do BRICS,,"ipea, economia, governo, federal, brasil, desenvolvimento, instituto de pesquisa econômica aplicada, secretaria de assuntos estratégicos, sae, pesquisa",Ipea - Instituto de Pesquisa Econômica Aplicada,https://portalantigo.ipea.gov.br/portal/index.php?option=com_content&view=article&id=8008,
101,Comunicado do Ipea nº 085 - As relações bilaterais Brasil – China: a ascensão da China no sistema mundial e os desafios para o Brasil,,"ipea, economia, governo, federal, brasil, desenvolvimento, instituto de pesquisa econômica aplicada, secretaria de assuntos estratégicos, sae, pesquisa",Ipea - Instituto de Pesquisa Econômica Aplicada,https://portalantigo.ipea.gov.br/portal/index.php?option=com_content&view=article&id=7935,
102,Comunicado do Ipea nº 084 - Internacionalização das empresas chinesas: as prioridades do investimento direto chinês no mundo,,"ipea, economia, governo, federal, brasil, desenvolvimento, instituto de pesquisa econômica aplicada, secretaria de assuntos estratégicos, sae, pesquisa",Ipea - Instituto de Pesquisa Econômica Aplicada,https://portalantigo.ipea.gov.br/portal/index.php?option=com_content&view=article&id=7898,
103,Comunicado do Ipea nº 083 - Custo unitário do processo de execução fiscal na Justiça Federal,,"ipea, economia, governo, federal, brasil, desenvolvimento, instituto de pesquisa econômica aplicada, secretaria de assuntos estratégicos, sae, pesquisa",Ipea - Instituto de Pesquisa Econômica Aplicada,https://portalantigo.ipea.gov.br/portal/index.php?option=com_content&view=article&id=7844,
104,Comunicado do Ipea nº 083 - Unitary cost of the process of tax enforcement in federal justice,,"ipea, economia, governo, federal, brasil, desenvolvimento, instituto de pesquisa econômica aplicada, secretaria de assuntos estratégicos, sae, pesquisa",Ipea - Instituto de Pesquisa Econômica Aplicada,https://portalantigo.ipea.gov.br/portal/index.php?option=com_content&view=article&id=8220,
105,"Comunicado do Ipea nº 082 - Sustentabilidade Ambiental no Brasil: biodiversidade, economia e bem-estar humano - o uso do poder de compra para a melhoria do meio ambiente",,"ipea, economia, governo, federal, brasil, desenvolvimento, instituto de pesquisa econômica aplicada, secretaria de assuntos estratégicos, sae, pesquisa",Ipea - Instituto de Pesquisa Econômica Aplicada,https://portalantigo.ipea.gov.br/portal/index.php?option=com_content&view=article&id=7497,
106,"Comunicado do Ipea nº 081 - Sustentabilidade Ambiental no Brasil: biodiversidade, economia e bem-estar humano - Direito Ambiental Brasileiro; Lei dos Crimes Ambientais",,"ipea, economia, governo, federal, brasil, desenvolvimento, instituto de pesquisa econômica aplicada, secretaria de assuntos estratégicos, sae, pesquisa",Ipea - Instituto de Pesquisa Econômica Aplicada,https://portalantigo.ipea.gov.br/portal/index.php?option=com_content&view=article&id=7425,
107,"Comunicado do Ipea nº 080 - Sustentabilidade Ambiental no Brasil: biodiversidade, economia e bem-estar humano - utilização do Mecanismo de Desenvolvimento Limpo",,"ipea, economia, governo, federal, brasil, desenvolvimento, instituto de pesquisa econômica aplicada, secretaria de assuntos estratégicos, sae, pesquisa",Ipea - Instituto de Pesquisa Econômica Aplicada,https://portalantigo.ipea.gov.br/portal/index.php?option=com_content&view=article&id=7387,
108,"Comunicado do Ipea nº 079 - Sustentabilidade Ambiental no Brasil: biodiversidade, economia e bem-estar humano - Comércio Internacional e a Sustentabilidade Socioambiental no Brasil",,"ipea, economia, governo, federal, brasil, desenvolvimento, instituto de pesquisa econômica aplicada, secretaria de assuntos estratégicos, sae, pesquisa",Ipea - Instituto de Pesquisa Econômica Aplicada,https://portalantigo.ipea.gov.br/portal/index.php?option=com_content&view=article&id=7383,
109,"Comunicado do Ipea nº 078 - Sustentabilidade Ambiental no Brasil: biodiversidade, economia e bem-estar humano - Biodiversidade",,"ipea, economia, governo, federal, brasil, desenvolvimento, instituto de pesquisa econômica aplicada, secretaria de assuntos estratégicos, sae, pesquisa",Ipea - Instituto de Pesquisa Econômica Aplicada,https://portalantigo.ipea.gov.br/portal/index.php?option=com_content&view=article&id=7320,
110,"Comunicado do Ipea nº 077 - Sustentabilidade Ambiental no Brasil: biodiversidade, economia e bem-estar humano - Energia",,"ipea, economia, governo, federal, brasil, desenvolvimento, instituto de pesquisa econômica aplicada, secretaria de assuntos estratégicos, sae, pesquisa",Ipea - Instituto de Pesquisa Econômica Aplicada,https://portalantigo.ipea.gov.br/portal/index.php?option=com_content&view=article&id=7276,
111,Comunicado do Ipea nº 076 - Desemprego e desigualdade no Brasil metropolitano,,"ipea, economia, governo, federal, brasil, desenvolvimento, instituto de pesquisa econômica aplicada, secretaria de assuntos estratégicos, sae, pesquisa",Ipea - Instituto de Pesquisa Econômica Aplicada,https://portalantigo.ipea.gov.br/portal/index.php?option=com_content&view=article&id=7216,
112,Revista Desafios do Desenvolvimento - edição 064,,"ipea, economia, governo, federal, brasil, desenvolvimento, instituto de pesquisa econômica aplicada, secretaria de assuntos estratégicos, sae, pesquisa",Ipea - Instituto de Pesquisa Econômica Aplicada,https://portalantigo.ipea.gov.br/portal/index.php?option=com_content&view=article&id=7214,
113,Comunicado do Ipea nº 075 - Gastos com a Política Social: alavanca para o crescimento com distribuição de renda,,"ipea, economia, governo, federal, brasil, desenvolvimento, instituto de pesquisa econômica aplicada, secretaria de assuntos estratégicos, sae, pesquisa",Ipea - Instituto de Pesquisa Econômica Aplicada,https://portalantigo.ipea.gov.br/portal/index.php?option=com_content&view=article&id=7110,
114,"Comunicado do Ipea nº 074 - Programas de Assistência Farmacêutica do Governo Federal: evolução recente das compras diretas de medicamentos e primeiras evidências de sua eficiência, 2005 a 2008",,"ipea, economia, governo, federal, brasil, desenvolvimento, instituto de pesquisa econômica aplicada, secretaria de assuntos estratégicos, sae, pesquisa",Ipea - Instituto de Pesquisa Econômica Aplicada,https://portalantigo.ipea.gov.br/portal/index.php?option=com_content&view=article&id=6624,
115,Comunicado do Ipea nº 073 - Mobilidade urbana e posse de veículos: análise da PNAD 2009,,"ipea, economia, governo, federal, brasil, desenvolvimento, instituto de pesquisa econômica aplicada, secretaria de assuntos estratégicos, sae, pesquisa",Ipea - Instituto de Pesquisa Econômica Aplicada,https://portalantigo.ipea.gov.br/portal/index.php?option=com_content&view=article&id=6589,
116,Comunicado do Ipea nº 072 - Análise regionalizada da massa salarial com uso da PME-IBGE,,"ipea, economia, governo, federal, brasil, desenvolvimento, instituto de pesquisa econômica aplicada, secretaria de assuntos estratégicos, sae, pesquisa",Ipea - Instituto de Pesquisa Econômica Aplicada,https://portalantigo.ipea.gov.br/portal/index.php?option=com_content&view=article&id=6588,
117,Comunicado do Ipea nº 071 - Desigualdade regional recente: uma nota a partir de dados estaduais,,"ipea, economia, governo, federal, brasil, desenvolvimento, instituto de pesquisa econômica aplicada, secretaria de assuntos estratégicos, sae, pesquisa",Ipea - Instituto de Pesquisa Econômica Aplicada,https://portalantigo.ipea.gov.br/portal/index.php?option=com_content&view=article&id=6587,
118,Comunicado do Ipea nº 070 - Evolução do analfabetismo e do analfabetismo funcional no Brasil - período 2004-2009,,"ipea, economia, governo, federal, brasil, desenvolvimento, instituto de pesquisa econômica aplicada, secretaria de assuntos estratégicos, sae, pesquisa",Ipea - Instituto de Pesquisa Econômica Aplicada,https://portalantigo.ipea.gov.br/portal/index.php?option=com_content&view=article&id=6541,
119,Comunicado do Ipea nº 069 - Evolução das despesas com habitação e transporte público nas Pesquisas de Orçamentos Familiares (POF): análise preliminar - 2002-2009,,"ipea, economia, governo, federal, brasil, desenvolvimento, instituto de pesquisa econômica aplicada, secretaria de assuntos estratégicos, sae, pesquisa",Ipea - Instituto de Pesquisa Econômica Aplicada,https://portalantigo.ipea.gov.br/portal/index.php?option=com_content&view=article&id=6420,
120,Comunicado do Ipea nº 068 - Análise preliminar dos dados do Censo 2010,,"ipea, economia, governo, federal, brasil, desenvolvimento, instituto de pesquisa econômica aplicada, secretaria de assuntos estratégicos, sae, pesquisa",Ipea - Instituto de Pesquisa Econômica Aplicada,https://portalantigo.ipea.gov.br/portal/index.php?option=com_content&view=article&id=6419,
121,Revista Desafios do Desenvolvimento - edição 063,,"ipea, economia, governo, federal, brasil, desenvolvimento, instituto de pesquisa econômica aplicada, secretaria de assuntos estratégicos, sae, pesquisa",Ipea - Instituto de Pesquisa Econômica Aplicada,https://portalantigo.ipea.gov.br/portal/index.php?option=com_content&view=article&id=6282,
122,Comunicado do Ipea nº 067 - Índice de Qualidade do Desenvolvimento (IQD),,"ipea, economia, governo, federal, brasil, desenvolvimento, instituto de pesquisa econômica aplicada, secretaria de assuntos estratégicos, sae, pesquisa",Ipea - Instituto de Pesquisa Econômica Aplicada,https://portalantigo.ipea.gov.br/portal/index.php?option=com_content&view=article&id=6243,
123,Comunicado do Ipea nº 066 - PNAD 2009 - primeiras análises: situação da educação brasileira - avanços e problemas,,"ipea, economia, governo, federal, brasil, desenvolvimento, instituto de pesquisa econômica aplicada, secretaria de assuntos estratégicos, sae, pesquisa",Ipea - Instituto de Pesquisa Econômica Aplicada,https://portalantigo.ipea.gov.br/portal/index.php?option=com_content&view=article&id=6180,
124,Comunicado do Ipea nº 065 - PNAD 2009 - primeiras análises: investigando a chefia feminina de família,,"ipea, economia, governo, federal, brasil, desenvolvimento, instituto de pesquisa econômica aplicada, secretaria de assuntos estratégicos, sae, pesquisa",Ipea - Instituto de Pesquisa Econômica Aplicada,https://portalantigo.ipea.gov.br/portal/index.php?option=com_content&view=article&id=6053,
125,Comunicado do Ipea nº 064 - PNAD 2009 - primeiras análises: tendências demográficas,,"ipea, economia, governo, federal, brasil, desenvolvimento, instituto de pesquisa econômica aplicada, secretaria de assuntos estratégicos, sae, pesquisa",Ipea - Instituto de Pesquisa Econômica Aplicada,https://portalantigo.ipea.gov.br/portal/index.php?option=com_content&view=article&id=5496,
126,Comunicado do Ipea nº 063 - PNAD 2009 - primeiras análises: distribuição de renda entre 1995 e 2009,,"ipea, economia, governo, federal, brasil, desenvolvimento, instituto de pesquisa econômica aplicada, secretaria de assuntos estratégicos, sae, pesquisa",Ipea - Instituto de Pesquisa Econômica Aplicada,https://portalantigo.ipea.gov.br/portal/index.php?option=com_content&view=article&id=5220,
127,Comunicado do Ipea nº 062 - PNAD 2009 - primeiras análises: o mercado de trabalho brasileiro em 2009,,"ipea, economia, governo, federal, brasil, desenvolvimento, instituto de pesquisa econômica aplicada, secretaria de assuntos estratégicos, sae, pesquisa",Ipea - Instituto de Pesquisa Econômica Aplicada,https://portalantigo.ipea.gov.br/portal/index.php?option=com_content&view=article&id=4912,
128,Revista Desafios do Desenvolvimento - edição 062,Administrator,"ipea, economia, governo, federal, brasil, desenvolvimento, instituto de pesquisa econômica aplicada, secretaria de assuntos estratégicos, sae, pesquisa",Ipea - Instituto de Pesquisa Econômica Aplicada,https://portalantigo.ipea.gov.br/portal/index.php?option=com_content&view=article&id=3226,
129,Revista Desafios do Desenvolvimento - edição 061,Administrator,"ipea, economia, governo, federal, brasil, desenvolvimento, instituto de pesquisa econômica aplicada, secretaria de assuntos estratégicos, sae, pesquisa",Ipea - Instituto de Pesquisa Econômica Aplicada,https://portalantigo.ipea.gov.br/portal/index.php?option=com_content&view=article&id=3224,
130,Revista Desafios do Desenvolvimento - edição 038,Administrator,"ipea, economia, governo, federal, brasil, desenvolvimento, instituto de pesquisa econômica aplicada, secretaria de assuntos estratégicos, sae, pesquisa",Ipea - Instituto de Pesquisa Econômica Aplicada,https://portalantigo.ipea.gov.br/portal/index.php?option=com_content&view=article&id=3196,
131,Revista Desafios do Desenvolvimento - edição 001,Administrator,"ipea, economia, governo, federal, brasil, desenvolvimento, instituto de pesquisa econômica aplicada, secretaria de assuntos estratégicos, sae, pesquisa",Ipea - Instituto de Pesquisa Econômica Aplicada,https://portalantigo.ipea.gov.br/portal/index.php?option=com_content&view=article&id=3128,
132,Revista Desafios do Desenvolvimento - edição 002,Administrator,"ipea, economia, governo, federal, brasil, desenvolvimento, instituto de pesquisa econômica aplicada, secretaria de assuntos estratégicos, sae, pesquisa",Ipea - Instituto de Pesquisa Econômica Aplicada,https://portalantigo.ipea.gov.br/portal/index.php?option=com_content&view=article&id=3132,
133,Revista Desafios do Desenvolvimento - edição 003,Administrator,"ipea, economia, governo, federal, brasil, desenvolvimento, instituto de pesquisa econômica aplicada, secretaria de assuntos estratégicos, sae, pesquisa",Ipea - Instituto de Pesquisa Econômica Aplicada,https://portalantigo.ipea.gov.br/portal/index.php?option=com_content&view=article&id=3134,
134,Revista Desafios do Desenvolvimento - edição 004,Administrator,"ipea, economia, governo, federal, brasil, desenvolvimento, instituto de pesquisa econômica aplicada, secretaria de assuntos estratégicos, sae, pesquisa",Ipea - Instituto de Pesquisa Econômica Aplicada,https://portalantigo.ipea.gov.br/portal/index.php?option=com_content&view=article&id=3135,
135,Revista Desafios do Desenvolvimento - edição 005,Administrator,"ipea, economia, governo, federal, brasil, desenvolvimento, instituto de pesquisa econômica aplicada, secretaria de assuntos estratégicos, sae, pesquisa",Ipea - Instituto de Pesquisa Econômica Aplicada,https://portalantigo.ipea.gov.br/portal/index.php?option=com_content&view=article&id=3136,
136,Revista Desafios do Desenvolvimento - edição 006,Administrator,"ipea, economia, governo, federal, brasil, desenvolvimento, instituto de pesquisa econômica aplicada, secretaria de assuntos estratégicos, sae, pesquisa",Ipea - Instituto de Pesquisa Econômica Aplicada,https://portalantigo.ipea.gov.br/portal/index.php?option=com_content&view=article&id=3138,
137,Revista Desafios do Desenvolvimento - edição 007,Administrator,"ipea, economia, governo, federal, brasil, desenvolvimento, instituto de pesquisa econômica aplicada, secretaria de assuntos estratégicos, sae, pesquisa",Ipea - Instituto de Pesquisa Econômica Aplicada,https://portalantigo.ipea.gov.br/portal/index.php?option=com_content&view=article&id=3140,
138,Revista Desafios do Desenvolvimento - edição 008,Administrator,"ipea, economia, governo, federal, brasil, desenvolvimento, instituto de pesquisa econômica aplicada, secretaria de assuntos estratégicos, sae, pesquisa",Ipea - Instituto de Pesquisa Econômica Aplicada,https://portalantigo.ipea.gov.br/portal/index.php?option=com_content&view=article&id=3141,
139,Revista Desafios do Desenvolvimento - edição 009 ,Administrator,"ipea, economia, governo, federal, brasil, desenvolvimento, instituto de pesquisa econômica aplicada, secretaria de assuntos estratégicos, sae, pesquisa",Ipea - Instituto de Pesquisa Econômica Aplicada,https://portalantigo.ipea.gov.br/portal/index.php?option=com_content&view=article&id=3143,
140,Revista Desafios do Desenvolvimento - edição 010,Administrator,"ipea, economia, governo, federal, brasil, desenvolvimento, instituto de pesquisa econômica aplicada, secretaria de assuntos estratégicos, sae, pesquisa",Ipea - Instituto de Pesquisa Econômica Aplicada,https://portalantigo.ipea.gov.br/portal/index.php?option=com_content&view=article&id=3146,
141,Revista Desafios do Desenvolvimento - edição 011,Administrator,"ipea, economia, governo, federal, brasil, desenvolvimento, instituto de pesquisa econômica aplicada, secretaria de assuntos estratégicos, sae, pesquisa",Ipea - Instituto de Pesquisa Econômica Aplicada,https://portalantigo.ipea.gov.br/portal/index.php?option=com_content&view=article&id=3151,
142,Revista Desafios do Desenvolvimento - edição 012,Administrator,"ipea, economia, governo, federal, brasil, desenvolvimento, instituto de pesquisa econômica aplicada, secretaria de assuntos estratégicos, sae, pesquisa",Ipea - Instituto de Pesquisa Econômica Aplicada,https://portalantigo.ipea.gov.br/portal/index.php?option=com_content&view=article&id=3155,
143,Revista Desafios do Desenvolvimento - edição 013,Administrator,"ipea, economia, governo, federal, brasil, desenvolvimento, instituto de pesquisa econômica aplicada, secretaria de assuntos estratégicos, sae, pesquisa",Ipea - Instituto de Pesquisa Econômica Aplicada,https://portalantigo.ipea.gov.br/portal/index.php?option=com_content&view=article&id=3156,
144,Revista Desafios do Desenvolvimento - edição 014,Administrator,"ipea, economia, governo, federal, brasil, desenvolvimento, instituto de pesquisa econômica aplicada, secretaria de assuntos estratégicos, sae, pesquisa",Ipea - Instituto de Pesquisa Econômica Aplicada,https://portalantigo.ipea.gov.br/portal/index.php?option=com_content&view=article&id=3157,
145,Revista Desafios do Desenvolvimento - edição 015,Administrator,"ipea, economia, governo, federal, brasil, desenvolvimento, instituto de pesquisa econômica aplicada, secretaria de assuntos estratégicos, sae, pesquisa",Ipea - Instituto de Pesquisa Econômica Aplicada,https://portalantigo.ipea.gov.br/portal/index.php?option=com_content&view=article&id=3158,
146,Revista Desafios do Desenvolvimento - edição 016,Administrator,"ipea, economia, governo, federal, brasil, desenvolvimento, instituto de pesquisa econômica aplicada, secretaria de assuntos estratégicos, sae, pesquisa",Ipea - Instituto de Pesquisa Econômica Aplicada,https://portalantigo.ipea.gov.br/portal/index.php?option=com_content&view=article&id=3159,
147,Revista Desafios do Desenvolvimento - edição 017,Administrator,"ipea, economia, governo, federal, brasil, desenvolvimento, instituto de pesquisa econômica aplicada, secretaria de assuntos estratégicos, sae, pesquisa",Ipea - Instituto de Pesquisa Econômica Aplicada,https://portalantigo.ipea.gov.br/portal/index.php?option=com_content&view=article&id=3160,
148,Revista Desafios do Desenvolvimento - edição 018,Administrator,"ipea, economia, governo, federal, brasil, desenvolvimento, instituto de pesquisa econômica aplicada, secretaria de assuntos estratégicos, sae, pesquisa",Ipea - Instituto de Pesquisa Econômica Aplicada,https://portalantigo.ipea.gov.br/portal/index.php?option=com_content&view=article&id=3161,
149,Revista Desafios do Desenvolvimento - edição 019,Administrator,"ipea, economia, governo, federal, brasil, desenvolvimento, instituto de pesquisa econômica aplicada, secretaria de assuntos estratégicos, sae, pesquisa",Ipea - Instituto de Pesquisa Econômica Aplicada,https://portalantigo.ipea.gov.br/portal/index.php?option=com_content&view=article&id=3162,
150,Revista Desafios do Desenvolvimento - edição 020,Administrator,"ipea, economia, governo, federal, brasil, desenvolvimento, instituto de pesquisa econômica aplicada, secretaria de assuntos estratégicos, sae, pesquisa",Ipea - Instituto de Pesquisa Econômica Aplicada,https://portalantigo.ipea.gov.br/portal/index.php?option=com_content&view=article&id=3163,
151,Revista Desafios do Desenvolvimento - edição 021,Administrator,"ipea, economia, governo, federal, brasil, desenvolvimento, instituto de pesquisa econômica aplicada, secretaria de assuntos estratégicos, sae, pesquisa",Ipea - Instituto de Pesquisa Econômica Aplicada,https://portalantigo.ipea.gov.br/portal/index.php?option=com_content&view=article&id=3164,
152,Revista Desafios do Desenvolvimento - edição 022,Administrator,"ipea, economia, governo, federal, brasil, desenvolvimento, instituto de pesquisa econômica aplicada, secretaria de assuntos estratégicos, sae, pesquisa",Ipea - Instituto de Pesquisa Econômica Aplicada,https://portalantigo.ipea.gov.br/portal/index.php?option=com_content&view=article&id=3166,
153,Revista Desafios do Desenvolvimento - edição 023,Administrator,"ipea, economia, governo, federal, brasil, desenvolvimento, instituto de pesquisa econômica aplicada, secretaria de assuntos estratégicos, sae, pesquisa",Ipea - Instituto de Pesquisa Econômica Aplicada,https://portalantigo.ipea.gov.br/portal/index.php?option=com_content&view=article&id=3167,
154,Revista Desafios do Desenvolvimento - edição 024,Administrator,"ipea, economia, governo, federal, brasil, desenvolvimento, instituto de pesquisa econômica aplicada, secretaria de assuntos estratégicos, sae, pesquisa",Ipea - Instituto de Pesquisa Econômica Aplicada,https://portalantigo.ipea.gov.br/portal/index.php?option=com_content&view=article&id=3168,
155,Revista Desafios do Desenvolvimento - edição 025,Administrator,"ipea, economia, governo, federal, brasil, desenvolvimento, instituto de pesquisa econômica aplicada, secretaria de assuntos estratégicos, sae, pesquisa",Ipea - Instituto de Pesquisa Econômica Aplicada,https://portalantigo.ipea.gov.br/portal/index.php?option=com_content&view=article&id=3169,
156,Revista Desafios do Desenvolvimento - edição 026,Administrator,"ipea, economia, governo, federal, brasil, desenvolvimento, instituto de pesquisa econômica aplicada, secretaria de assuntos estratégicos, sae, pesquisa",Ipea - Instituto de Pesquisa Econômica Aplicada,https://portalantigo.ipea.gov.br/portal/index.php?option=com_content&view=article&id=3170,
157,Revista Desafios do Desenvolvimento - edição 027,Administrator,"ipea, economia, governo, federal, brasil, desenvolvimento, instituto de pesquisa econômica aplicada, secretaria de assuntos estratégicos, sae, pesquisa",Ipea - Instituto de Pesquisa Econômica Aplicada,https://portalantigo.ipea.gov.br/portal/index.php?option=com_content&view=article&id=3171,
158,Revista Desafios do Desenvolvimento - edição 028,Administrator,"ipea, economia, governo, federal, brasil, desenvolvimento, instituto de pesquisa econômica aplicada, secretaria de assuntos estratégicos, sae, pesquisa",Ipea - Instituto de Pesquisa Econômica Aplicada,https://portalantigo.ipea.gov.br/portal/index.php?option=com_content&view=article&id=3172,
159,Revista Desafios do Desenvolvimento - edição 029,Administrator,"ipea, economia, governo, federal, brasil, desenvolvimento, instituto de pesquisa econômica aplicada, secretaria de assuntos estratégicos, sae, pesquisa",Ipea - Instituto de Pesquisa Econômica Aplicada,https://portalantigo.ipea.gov.br/portal/index.php?option=com_content&view=article&id=3173,
160,Revista Desafios do Desenvolvimento - edição 030,Administrator,"ipea, economia, governo, federal, brasil, desenvolvimento, instituto de pesquisa econômica aplicada, secretaria de assuntos estratégicos, sae, pesquisa",Ipea - Instituto de Pesquisa Econômica Aplicada,https://portalantigo.ipea.gov.br/portal/index.php?option=com_content&view=article&id=3174,
161,Revista Desafios do Desenvolvimento - edição 031,Administrator,"ipea, economia, governo, federal, brasil, desenvolvimento, instituto de pesquisa econômica aplicada, secretaria de assuntos estratégicos, sae, pesquisa",Ipea - Instituto de Pesquisa Econômica Aplicada,https://portalantigo.ipea.gov.br/portal/index.php?option=com_content&view=article&id=3175,
162,Revista Desafios do Desenvolvimento - edição 032,Administrator,"ipea, economia, governo, federal, brasil, desenvolvimento, instituto de pesquisa econômica aplicada, secretaria de assuntos estratégicos, sae, pesquisa",Ipea - Instituto de Pesquisa Econômica Aplicada,https://portalantigo.ipea.gov.br/portal/index.php?option=com_content&view=article&id=3176,
163,Revista Desafios do Desenvolvimento - edição 039,Administrator,"ipea, economia, governo, federal, brasil, desenvolvimento, instituto de pesquisa econômica aplicada, secretaria de assuntos estratégicos, sae, pesquisa",Ipea - Instituto de Pesquisa Econômica Aplicada,https://portalantigo.ipea.gov.br/portal/index.php?option=com_content&view=article&id=3197,
164,Revista Desafios do Desenvolvimento - edição 033,Administrator,"ipea, economia, governo, federal, brasil, desenvolvimento, instituto de pesquisa econômica aplicada, secretaria de assuntos estratégicos, sae, pesquisa",Ipea - Instituto de Pesquisa Econômica Aplicada,https://portalantigo.ipea.gov.br/portal/index.php?option=com_content&view=article&id=3191,
165,Revista Desafios do Desenvolvimento - edição 034,Administrator,"ipea, economia, governo, federal, brasil, desenvolvimento, instituto de pesquisa econômica aplicada, secretaria de assuntos estratégicos, sae, pesquisa",Ipea - Instituto de Pesquisa Econômica Aplicada,https://portalantigo.ipea.gov.br/portal/index.php?option=com_content&view=article&id=3192,
166,Revista Desafios do Desenvolvimento - edição 035,Administrator,"ipea, economia, governo, federal, brasil, desenvolvimento, instituto de pesquisa econômica aplicada, secretaria de assuntos estratégicos, sae, pesquisa",Ipea - Instituto de Pesquisa Econômica Aplicada,https://portalantigo.ipea.gov.br/portal/index.php?option=com_content&view=article&id=3193,
167,Revista Desafios do Desenvolvimento - edição 036,Administrator,"ipea, economia, governo, federal, brasil, desenvolvimento, instituto de pesquisa econômica aplicada, secretaria de assuntos estratégicos, sae, pesquisa",Ipea - Instituto de Pesquisa Econômica Aplicada,https://portalantigo.ipea.gov.br/portal/index.php?option=com_content&view=article&id=3194,
168,Revista Desafios do Desenvolvimento - edição 037,Administrator,"ipea, economia, governo, federal, brasil, desenvolvimento, instituto de pesquisa econômica aplicada, secretaria de assuntos estratégicos, sae, pesquisa",Ipea - Instituto de Pesquisa Econômica Aplicada,https://portalantigo.ipea.gov.br/portal/index.php?option=com_content&view=article&id=3195,
169,Revista Desafios do Desenvolvimento - edição 040,Administrator,"ipea, economia, governo, federal, brasil, desenvolvimento, instituto de pesquisa econômica aplicada, secretaria de assuntos estratégicos, sae, pesquisa",Ipea - Instituto de Pesquisa Econômica Aplicada,https://portalantigo.ipea.gov.br/portal/index.php?option=com_content&view=article&id=3198,
170,Revista Desafios do Desenvolvimento - edição 041,Administrator,"ipea, economia, governo, federal, brasil, desenvolvimento, instituto de pesquisa econômica aplicada, secretaria de assuntos estratégicos, sae, pesquisa",Ipea - Instituto de Pesquisa Econômica Aplicada,https://portalantigo.ipea.gov.br/portal/index.php?option=com_content&view=article&id=3199,
171,Revista Desafios do Desenvolvimento - edição 042,Administrator,"ipea, economia, governo, federal, brasil, desenvolvimento, instituto de pesquisa econômica aplicada, secretaria de assuntos estratégicos, sae, pesquisa",Ipea - Instituto de Pesquisa Econômica Aplicada,https://portalantigo.ipea.gov.br/portal/index.php?option=com_content&view=article&id=3200,
172,Revista Desafios do Desenvolvimento - edição 043,Administrator,"ipea, economia, governo, federal, brasil, desenvolvimento, instituto de pesquisa econômica aplicada, secretaria de assuntos estratégicos, sae, pesquisa",Ipea - Instituto de Pesquisa Econômica Aplicada,https://portalantigo.ipea.gov.br/portal/index.php?option=com_content&view=article&id=3201,
173,Revista Desafios do Desenvolvimento - edição 044,Administrator,"ipea, economia, governo, federal, brasil, desenvolvimento, instituto de pesquisa econômica aplicada, secretaria de assuntos estratégicos, sae, pesquisa",Ipea - Instituto de Pesquisa Econômica Aplicada,https://portalantigo.ipea.gov.br/portal/index.php?option=com_content&view=article&id=3202,
174,Revista Desafios do Desenvolvimento - edição 045,Administrator,"ipea, economia, governo, federal, brasil, desenvolvimento, instituto de pesquisa econômica aplicada, secretaria de assuntos estratégicos, sae, pesquisa",Ipea - Instituto de Pesquisa Econômica Aplicada,https://portalantigo.ipea.gov.br/portal/index.php?option=com_content&view=article&id=3203,
175,Revista Desafios do Desenvolvimento - edição 046,Administrator,"ipea, economia, governo, federal, brasil, desenvolvimento, instituto de pesquisa econômica aplicada, secretaria de assuntos estratégicos, sae, pesquisa",Ipea - Instituto de Pesquisa Econômica Aplicada,https://portalantigo.ipea.gov.br/portal/index.php?option=com_content&view=article&id=3204,
176,Revista Desafios do Desenvolvimento - edição 047,Administrator,"ipea, economia, governo, federal, brasil, desenvolvimento, instituto de pesquisa econômica aplicada, secretaria de assuntos estratégicos, sae, pesquisa",Ipea - Instituto de Pesquisa Econômica Aplicada,https://portalantigo.ipea.gov.br/portal/index.php?option=com_content&view=article&id=3205,
177,Revista Desafios do Desenvolvimento - edição 048,Administrator,"ipea, economia, governo, federal, brasil, desenvolvimento, instituto de pesquisa econômica aplicada, secretaria de assuntos estratégicos, sae, pesquisa",Ipea - Instituto de Pesquisa Econômica Aplicada,https://portalantigo.ipea.gov.br/portal/index.php?option=com_content&view=article&id=3206,
178,Revista Desafios do Desenvolvimento - edição 049,Administrator,"ipea, economia, governo, federal, brasil, desenvolvimento, instituto de pesquisa econômica aplicada, secretaria de assuntos estratégicos, sae, pesquisa",Ipea - Instituto de Pesquisa Econômica Aplicada,https://portalantigo.ipea.gov.br/portal/index.php?option=com_content&view=article&id=3207,
179,Revista Desafios do Desenvolvimento - edição 050,Administrator,"ipea, economia, governo, federal, brasil, desenvolvimento, instituto de pesquisa econômica aplicada, secretaria de assuntos estratégicos, sae, pesquisa",Ipea - Instituto de Pesquisa Econômica Aplicada,https://portalantigo.ipea.gov.br/portal/index.php?option=com_content&view=article&id=3208,
180,Revista Desafios do Desenvolvimento - edição 051,Administrator,"ipea, economia, governo, federal, brasil, desenvolvimento, instituto de pesquisa econômica aplicada, secretaria de assuntos estratégicos, sae, pesquisa",Ipea - Instituto de Pesquisa Econômica Aplicada,https://portalantigo.ipea.gov.br/portal/index.php?option=com_content&view=article&id=3209,
181,Revista Desafios do Desenvolvimento - edição 052,Administrator,"ipea, economia, governo, federal, brasil, desenvolvimento, instituto de pesquisa econômica aplicada, secretaria de assuntos estratégicos, sae, pesquisa",Ipea - Instituto de Pesquisa Econômica Aplicada,https://portalantigo.ipea.gov.br/portal/index.php?option=com_content&view=article&id=3211,
182,Revista Desafios do Desenvolvimento - edição 053,Administrator,"ipea, economia, governo, federal, brasil, desenvolvimento, instituto de pesquisa econômica aplicada, secretaria de assuntos estratégicos, sae, pesquisa",Ipea - Instituto de Pesquisa Econômica Aplicada,https://portalantigo.ipea.gov.br/portal/index.php?option=com_content&view=article&id=3212,
183,Revista Desafios do Desenvolvimento - edição 054,Administrator,"ipea, economia, governo, federal, brasil, desenvolvimento, instituto de pesquisa econômica aplicada, secretaria de assuntos estratégicos, sae, pesquisa",Ipea - Instituto de Pesquisa Econômica Aplicada,https://portalantigo.ipea.gov.br/portal/index.php?option=com_content&view=article&id=3213,
184,Revista Desafios do Desenvolvimento - edição 055,Administrator,"ipea, economia, governo, federal, brasil, desenvolvimento, instituto de pesquisa econômica aplicada, secretaria de assuntos estratégicos, sae, pesquisa",Ipea - Instituto de Pesquisa Econômica Aplicada,https://portalantigo.ipea.gov.br/portal/index.php?option=com_content&view=article&id=3216,
185,Revista Desafios do Desenvolvimento - edição 056,Administrator,"ipea, economia, governo, federal, brasil, desenvolvimento, instituto de pesquisa econômica aplicada, secretaria de assuntos estratégicos, sae, pesquisa",Ipea - Instituto de Pesquisa Econômica Aplicada,https://portalantigo.ipea.gov.br/portal/index.php?option=com_content&view=article&id=3218,
186,Revista Desafios do Desenvolvimento - edição 057 (especial),Administrator,"ipea, economia, governo, federal, brasil, desenvolvimento, instituto de pesquisa econômica aplicada, secretaria de assuntos estratégicos, sae, pesquisa",Ipea - Instituto de Pesquisa Econômica Aplicada,https://portalantigo.ipea.gov.br/portal/index.php?option=com_content&view=article&id=3219,
187,Revista Desafios do Desenvolvimento - edição 058,Administrator,"ipea, economia, governo, federal, brasil, desenvolvimento, instituto de pesquisa econômica aplicada, secretaria de assuntos estratégicos, sae, pesquisa",Ipea - Instituto de Pesquisa Econômica Aplicada,https://portalantigo.ipea.gov.br/portal/index.php?option=com_content&view=article&id=3220,
188,Revista Desafios do Desenvolvimento - edição 059,Administrator,"ipea, economia, governo, federal, brasil, desenvolvimento, instituto de pesquisa econômica aplicada, secretaria de assuntos estratégicos, sae, pesquisa",Ipea - Instituto de Pesquisa Econômica Aplicada,https://portalantigo.ipea.gov.br/portal/index.php?option=com_content&view=article&id=3221,
189,Revista Desafios do Desenvolvimento - edição 060,Administrator,"ipea, economia, governo, federal, brasil, desenvolvimento, instituto de pesquisa econômica aplicada, secretaria de assuntos estratégicos, sae, pesquisa",Ipea - Instituto de Pesquisa Econômica Aplicada,https://portalantigo.ipea.gov.br/portal/index.php?option=com_content&view=article&id=3223,
190,Comunicado do Ipea nº 061 - Migração interna no Brasil,,"ipea, economia, governo, federal, brasil, desenvolvimento, instituto de pesquisa econômica aplicada, secretaria de assuntos estratégicos, sae, pesquisa",Ipea - Instituto de Pesquisa Econômica Aplicada,https://portalantigo.ipea.gov.br/portal/index.php?option=com_content&view=article&id=2716,
191,Comunicado do Ipea nº 060 - Desigualdade da renda no território brasileiro,,"ipea, economia, governo, federal, brasil, desenvolvimento, instituto de pesquisa econômica aplicada, secretaria de assuntos estratégicos, sae, pesquisa",Ipea - Instituto de Pesquisa Econômica Aplicada,https://portalantigo.ipea.gov.br/portal/index.php?option=com_content&view=article&id=2613,
192,Comunicado do Ipea nº 059 - Previdência e Assistência Social: efeitos no rendimento familiar e sua dimensão nos estados,,"ipea, economia, governo, federal, brasil, desenvolvimento, instituto de pesquisa econômica aplicada, secretaria de assuntos estratégicos, sae, pesquisa",Ipea - Instituto de Pesquisa Econômica Aplicada,https://portalantigo.ipea.gov.br/portal/index.php?option=com_content&view=article&id=1875,
193,"Comunicado do Ipea nº 058 - Dimensão, evolução e projeção da pobreza por região e por estado no Brasil",,"ipea, economia, governo, federal, brasil, desenvolvimento, instituto de pesquisa econômica aplicada, secretaria de assuntos estratégicos, sae, pesquisa",Ipea - Instituto de Pesquisa Econômica Aplicada,https://portalantigo.ipea.gov.br/portal/index.php?option=com_content&view=article&id=1796,
194,Comunicado do Ipea nº 057 - Desafios e oportunidades do setor de telecomunicações no Brasil,,"ipea, economia, governo, federal, brasil, desenvolvimento, instituto de pesquisa econômica aplicada, secretaria de assuntos estratégicos, sae, pesquisa",Ipea - Instituto de Pesquisa Econômica Aplicada,https://portalantigo.ipea.gov.br/portal/index.php?option=com_content&view=article&id=1795,
195,Comunicado do Ipea nº 056 - Experiências latino-americanas em Infraestrutura Econômica,,"ipea, economia, governo, federal, brasil, desenvolvimento, instituto de pesquisa econômica aplicada, secretaria de assuntos estratégicos, sae, pesquisa",Ipea - Instituto de Pesquisa Econômica Aplicada,https://portalantigo.ipea.gov.br/portal/index.php?option=com_content&view=article&id=1794,
196,Comunicado do Ipea nº 055 - Perspectivas de desenvolvimento do setor de petróleo e gás no Brasil,,"ipea, economia, governo, federal, brasil, desenvolvimento, instituto de pesquisa econômica aplicada, secretaria de assuntos estratégicos, sae, pesquisa",Ipea - Instituto de Pesquisa Econômica Aplicada,https://portalantigo.ipea.gov.br/portal/index.php?option=com_content&view=article&id=1793,
197,Comunicado do Ipea nº 054 - Panorama e perspectivas para o transporte aéreo no Brasil e no mundo,,"ipea, economia, governo, federal, brasil, desenvolvimento, instituto de pesquisa econômica aplicada, secretaria de assuntos estratégicos, sae, pesquisa",Ipea - Instituto de Pesquisa Econômica Aplicada,https://portalantigo.ipea.gov.br/portal/index.php?option=com_content&view=article&id=1792,
198,Comunicado do Ipea nº 053 - Biocombustíveis no Brasil: etanol e biodiesel,,"ipea, economia, governo, federal, brasil, desenvolvimento, instituto de pesquisa econômica aplicada, secretaria de assuntos estratégicos, sae, pesquisa",Ipea - Instituto de Pesquisa Econômica Aplicada,https://portalantigo.ipea.gov.br/portal/index.php?option=com_content&view=article&id=1791,
199,"Comunicado do Ipea nº 052 - Rodovias brasileiras: gargalos, investimentos, concessões e preocupações com o futuro",,"ipea, economia, governo, federal, brasil, desenvolvimento, instituto de pesquisa econômica aplicada, secretaria de assuntos estratégicos, sae, pesquisa",Ipea - Instituto de Pesquisa Econômica Aplicada,https://portalantigo.ipea.gov.br/portal/index.php?option=com_content&view=article&id=1790,
200,Comunicado do Ipea nº 051 - Setor Elétrico: desafios e oportunidades,,"ipea, economia, governo, federal, brasil, desenvolvimento, instituto de pesquisa econômica aplicada, secretaria de assuntos estratégicos, sae, pesquisa",Ipea - Instituto de Pesquisa Econômica Aplicada,https://portalantigo.ipea.gov.br/portal/index.php?option=com_content&view=article&id=1789,
201,Comunicado do Ipea nº 050 - Transporte ferroviário de cargas no Brasil: gargalos e perspectivas para o desenvolvimento econômico e regional,,"ipea, economia, governo, federal, brasil, desenvolvimento, instituto de pesquisa econômica aplicada, secretaria de assuntos estratégicos, sae, pesquisa",Ipea - Instituto de Pesquisa Econômica Aplicada,https://portalantigo.ipea.gov.br/portal/index.php?option=com_content&view=article&id=1788,
202,Comunicado do Ipea nº 049 - A evolução recente dos rendimentos do trabalho e o papel do salário mínimo,,"ipea, economia, governo, federal, brasil, desenvolvimento, instituto de pesquisa econômica aplicada, secretaria de assuntos estratégicos, sae, pesquisa",Ipea - Instituto de Pesquisa Econômica Aplicada,https://portalantigo.ipea.gov.br/portal/index.php?option=com_content&view=article&id=1787,
203,"Comunicado do Ipea nº 048 - Portos brasileiros: diagnóstico, políticas e perspectivas",,"ipea, economia, governo, federal, brasil, desenvolvimento, instituto de pesquisa econômica aplicada, secretaria de assuntos estratégicos, sae, pesquisa",Ipea - Instituto de Pesquisa Econômica Aplicada,https://portalantigo.ipea.gov.br/portal/index.php?option=com_content&view=article&id=1777,
204,Comunicado do Ipea nº 047 - Distribuição funcional da renda pré e pós crise internacional no Brasil,,"ipea, economia, governo, federal, brasil, desenvolvimento, instituto de pesquisa econômica aplicada, secretaria de assuntos estratégicos, sae, pesquisa",Ipea - Instituto de Pesquisa Econômica Aplicada,https://portalantigo.ipea.gov.br/portal/index.php?option=com_content&view=article&id=1776,
205,Comunicado do Ipea nº 046 - Análise e recomendações para as políticas públicas de massificação de acesso à internet em banda larga brasileira,,"ipea, economia, governo, federal, brasil, desenvolvimento, instituto de pesquisa econômica aplicada, secretaria de assuntos estratégicos, sae, pesquisa",Ipea - Instituto de Pesquisa Econômica Aplicada,https://portalantigo.ipea.gov.br/portal/index.php?option=com_content&view=article&id=1775,
206,Comunicado do Ipea nº 045 - Perspectivas sobre as negociações de mudança climática e seus impactos na política brasileira,,"ipea, economia, governo, federal, brasil, desenvolvimento, instituto de pesquisa econômica aplicada, secretaria de assuntos estratégicos, sae, pesquisa",Ipea - Instituto de Pesquisa Econômica Aplicada,https://portalantigo.ipea.gov.br/portal/index.php?option=com_content&view=article&id=1774,
207,Comunicado do Ipea nº 044 - Brasília: impactos econômicos da capital no Centro-Oeste e no país,,"ipea, economia, governo, federal, brasil, desenvolvimento, instituto de pesquisa econômica aplicada, secretaria de assuntos estratégicos, sae, pesquisa",Ipea - Instituto de Pesquisa Econômica Aplicada,https://portalantigo.ipea.gov.br/portal/index.php?option=com_content&view=article&id=1772,
208,"Comunicado do Ipea nº 043 - Rússia, Índia e China: comércio exterior e investimento direto externo",,"ipea, economia, governo, federal, brasil, desenvolvimento, instituto de pesquisa econômica aplicada, secretaria de assuntos estratégicos, sae, pesquisa",Ipea - Instituto de Pesquisa Econômica Aplicada,https://portalantigo.ipea.gov.br/portal/index.php?option=com_content&view=article&id=1770,
209,Comunicado do Ipea nº 042 - PNAD 2008: Primeiras análises - o setor rural,,"ipea, economia, governo, federal, brasil, desenvolvimento, instituto de pesquisa econômica aplicada, secretaria de assuntos estratégicos, sae, pesquisa",Ipea - Instituto de Pesquisa Econômica Aplicada,https://portalantigo.ipea.gov.br/portal/index.php?option=com_content&view=article&id=1769,
210,Comunicado do Ipea nº 041 - Emprego e oferta qualificada de mão de obra no Brasil: impactos do crescimento econômico pós crise,,"ipea, economia, governo, federal, brasil, desenvolvimento, instituto de pesquisa econômica aplicada, secretaria de assuntos estratégicos, sae, pesquisa",Ipea - Instituto de Pesquisa Econômica Aplicada,https://portalantigo.ipea.gov.br/portal/index.php?option=com_content&view=article&id=1768,
211,Comunicado do Ipea nº 040 - Mulher e trabalho: avanços e continuidades,,"ipea, economia, governo, federal, brasil, desenvolvimento, instituto de pesquisa econômica aplicada, secretaria de assuntos estratégicos, sae, pesquisa",Ipea - Instituto de Pesquisa Econômica Aplicada,https://portalantigo.ipea.gov.br/portal/index.php?option=com_content&view=article&id=1766,
212,Comunicado do Ipea nº 039 - Atualidade e perspectiva das ocupações nos pequenos empreendimentos no Brasil,,"ipea, economia, governo, federal, brasil, desenvolvimento, instituto de pesquisa econômica aplicada, secretaria de assuntos estratégicos, sae, pesquisa",Ipea - Instituto de Pesquisa Econômica Aplicada,https://portalantigo.ipea.gov.br/portal/index.php?option=com_content&view=article&id=1765,
213,"Comunicado do Ipea nº 038 - Pobreza, desigualdade e Políticas Públicas",,"ipea, economia, governo, federal, brasil, desenvolvimento, instituto de pesquisa econômica aplicada, secretaria de assuntos estratégicos, sae, pesquisa",Ipea - Instituto de Pesquisa Econômica Aplicada,https://portalantigo.ipea.gov.br/portal/index.php?option=com_content&view=article&id=1763,
214,Comunicado do Ipea nº 037 - Salários no setor público versus salários no setor privado no Brasil,,"ipea, economia, governo, federal, brasil, desenvolvimento, instituto de pesquisa econômica aplicada, secretaria de assuntos estratégicos, sae, pesquisa",Ipea - Instituto de Pesquisa Econômica Aplicada,https://portalantigo.ipea.gov.br/portal/index.php?option=com_content&view=article&id=1761,
215,Comunicado do Ipea nº 036 - PNAD 2008: Primeiras análises - juventude e desigualdade racial,,"ipea, economia, governo, federal, brasil, desenvolvimento, instituto de pesquisa econômica aplicada, secretaria de assuntos estratégicos, sae, pesquisa",Ipea - Instituto de Pesquisa Econômica Aplicada,https://portalantigo.ipea.gov.br/portal/index.php?option=com_content&view=article&id=1760,
216,Comunicado do Ipea nº 035 - Crise internacional: balanço e possíveis desdobramentos,,"ipea, economia, governo, federal, brasil, desenvolvimento, instituto de pesquisa econômica aplicada, secretaria de assuntos estratégicos, sae, pesquisa",Ipea - Instituto de Pesquisa Econômica Aplicada,https://portalantigo.ipea.gov.br/portal/index.php?option=com_content&view=article&id=1759,
217,Comunicado do Ipea nº 034 - Trajetória recente da mudança na identidade e na estrutura social brasileira,,"ipea, economia, governo, federal, brasil, desenvolvimento, instituto de pesquisa econômica aplicada, secretaria de assuntos estratégicos, sae, pesquisa",Ipea - Instituto de Pesquisa Econômica Aplicada,https://portalantigo.ipea.gov.br/portal/index.php?option=com_content&view=article&id=1757,
218,Comunicado do Ipea nº 033 - Qualidade de vida: seus determinantes e sua influência sobre a Seguridade Social,,"ipea, economia, governo, federal, brasil, desenvolvimento, instituto de pesquisa econômica aplicada, secretaria de assuntos estratégicos, sae, pesquisa",Ipea - Instituto de Pesquisa Econômica Aplicada,https://portalantigo.ipea.gov.br/portal/index.php?option=com_content&view=article&id=1756,
219,"Comunicado do Ipea nº 032 - PNAD 2008: primeiras análises - educação, gênero e migração",,"ipea, economia, governo, federal, brasil, desenvolvimento, instituto de pesquisa econômica aplicada, secretaria de assuntos estratégicos, sae, pesquisa",Ipea - Instituto de Pesquisa Econômica Aplicada,https://portalantigo.ipea.gov.br/portal/index.php?option=com_content&view=article&id=1752,
220,"Comunicado do Ipea nº 031 - PNAD 2008: primeiras análises - demografia, trabalho e previdência",,"ipea, economia, governo, federal, brasil, desenvolvimento, instituto de pesquisa econômica aplicada, secretaria de assuntos estratégicos, sae, pesquisa",Ipea - Instituto de Pesquisa Econômica Aplicada,https://portalantigo.ipea.gov.br/portal/index.php?option=com_content&view=article&id=1751,
221,Comunicado do Ipea nº 030 - PNAD 2008: primeiras análises,,"ipea, economia, governo, federal, brasil, desenvolvimento, instituto de pesquisa econômica aplicada, secretaria de assuntos estratégicos, sae, pesquisa",Ipea - Instituto de Pesquisa Econômica Aplicada,https://portalantigo.ipea.gov.br/portal/index.php?option=com_content&view=article&id=1749,
222,Comunicado do Ipea nº 029 - A desigualdade no desemprego no Brasil metropolitano,,"ipea, economia, governo, federal, brasil, desenvolvimento, instituto de pesquisa econômica aplicada, secretaria de assuntos estratégicos, sae, pesquisa",Ipea - Instituto de Pesquisa Econômica Aplicada,https://portalantigo.ipea.gov.br/portal/index.php?option=com_content&view=article&id=1748,
223,Comunicado do Ipea nº 028 - Política fiscal e justiça social no Brasil: o caso do IPTU,,"ipea, economia, governo, federal, brasil, desenvolvimento, instituto de pesquisa econômica aplicada, secretaria de assuntos estratégicos, sae, pesquisa",Ipea - Instituto de Pesquisa Econômica Aplicada,https://portalantigo.ipea.gov.br/portal/index.php?option=com_content&view=article&id=1747,
224,Comunicado do Ipea nº 027 - Produtividade na administração pública brasileira: trajetória recente,,"ipea, economia, governo, federal, brasil, desenvolvimento, instituto de pesquisa econômica aplicada, secretaria de assuntos estratégicos, sae, pesquisa",Ipea - Instituto de Pesquisa Econômica Aplicada,https://portalantigo.ipea.gov.br/portal/index.php?option=com_content&view=article&id=1745,
225,"Comunicado do Ipea nº 026 - Comércio exterior, difusão interregional da crise internacional no Brasil e as perspectivas",,"ipea, economia, governo, federal, brasil, desenvolvimento, instituto de pesquisa econômica aplicada, secretaria de assuntos estratégicos, sae, pesquisa",Ipea - Instituto de Pesquisa Econômica Aplicada,https://portalantigo.ipea.gov.br/portal/index.php?option=com_content&view=article&id=1744,
226,Comunicado do Ipea nº 025 - Desigualdade e pobreza no Brasil metropolitano durante a crise internacional: primeiros resultados,,"ipea, economia, governo, federal, brasil, desenvolvimento, instituto de pesquisa econômica aplicada, secretaria de assuntos estratégicos, sae, pesquisa",Ipea - Instituto de Pesquisa Econômica Aplicada,https://portalantigo.ipea.gov.br/portal/index.php?option=com_content&view=article&id=1742,
227,Comunicado do Ipea nº 024 - Carga horária de trabalho: evolução e principais mudanças no Brasil,,"ipea, economia, governo, federal, brasil, desenvolvimento, instituto de pesquisa econômica aplicada, secretaria de assuntos estratégicos, sae, pesquisa",Ipea - Instituto de Pesquisa Econômica Aplicada,https://portalantigo.ipea.gov.br/portal/index.php?option=com_content&view=article&id=1738,
228,Comunicado do Ipea nº 023 - Carga Tributária Líquida e efetiva capacidade do gasto público no Brasil,,"ipea, economia, governo, federal, brasil, desenvolvimento, instituto de pesquisa econômica aplicada, secretaria de assuntos estratégicos, sae, pesquisa",Ipea - Instituto de Pesquisa Econômica Aplicada,https://portalantigo.ipea.gov.br/portal/index.php?option=com_content&view=article&id=1736,
229,Comunicado do Ipea nº 022 - Receita Pública: quem paga e como se gasta no Brasil,,"ipea, economia, governo, federal, brasil, desenvolvimento, instituto de pesquisa econômica aplicada, secretaria de assuntos estratégicos, sae, pesquisa",Ipea - Instituto de Pesquisa Econômica Aplicada,https://portalantigo.ipea.gov.br/portal/index.php?option=com_content&view=article&id=1735,
230,Comunicado do Ipea nº 021 - Crise Internacional: impactos sobre o emprego no Brasil e o debate para a constituição de uma nova ordem global,,"ipea, economia, governo, federal, brasil, desenvolvimento, instituto de pesquisa econômica aplicada, secretaria de assuntos estratégicos, sae, pesquisa",Ipea - Instituto de Pesquisa Econômica Aplicada,https://portalantigo.ipea.gov.br/portal/index.php?option=com_content&view=article&id=1733,
231,Comunicado do Ipea nº 020 - Transformações na indústria bancária brasileira e o cenário de crise,,"ipea, economia, governo, federal, brasil, desenvolvimento, instituto de pesquisa econômica aplicada, secretaria de assuntos estratégicos, sae, pesquisa",Ipea - Instituto de Pesquisa Econômica Aplicada,https://portalantigo.ipea.gov.br/portal/index.php?option=com_content&view=article&id=1732,
232,Comunicado do Ipea nº 019 - Emprego Público no Brasil: comparação internacional e evolução,,"ipea, economia, governo, federal, brasil, desenvolvimento, instituto de pesquisa econômica aplicada, secretaria de assuntos estratégicos, sae, pesquisa",Ipea - Instituto de Pesquisa Econômica Aplicada,https://portalantigo.ipea.gov.br/portal/index.php?option=com_content&view=article&id=1730,
233,Comunicado do Ipea nº 018 - Crise Internacional: metamorfoses de empresas transnacionais e impactos nas regiões do Brasil,,"ipea, economia, governo, federal, brasil, desenvolvimento, instituto de pesquisa econômica aplicada, secretaria de assuntos estratégicos, sae, pesquisa",Ipea - Instituto de Pesquisa Econômica Aplicada,https://portalantigo.ipea.gov.br/portal/index.php?option=com_content&view=article&id=1729,
234,Comunicado do Ipea nº 017 - Crise Internacional: reações na América Latina e canais de transmissão no Brasil,,"ipea, economia, governo, federal, brasil, desenvolvimento, instituto de pesquisa econômica aplicada, secretaria de assuntos estratégicos, sae, pesquisa",Ipea - Instituto de Pesquisa Econômica Aplicada,https://portalantigo.ipea.gov.br/portal/index.php?option=com_content&view=article&id=1727,
235,Comunicado do Ipea nº 016 - A crise internacional e possíveis repercussões: primeiras análises,,"ipea, economia, governo, federal, brasil, desenvolvimento, instituto de pesquisa econômica aplicada, secretaria de assuntos estratégicos, sae, pesquisa",Ipea - Instituto de Pesquisa Econômica Aplicada,https://portalantigo.ipea.gov.br/portal/index.php?option=com_content&view=article&id=1726,
236,Comunicado do Ipea nº 015 - Desenvolvimento e experiências nacionais selecionadas: percepções com base nos indicadores comparativos,,"ipea, economia, governo, federal, brasil, desenvolvimento, instituto de pesquisa econômica aplicada, secretaria de assuntos estratégicos, sae, pesquisa",Ipea - Instituto de Pesquisa Econômica Aplicada,https://portalantigo.ipea.gov.br/portal/index.php?option=com_content&view=article&id=1724,
237,Comunicado do Ipea nº 014 - Distribuição funcional da renda no Brasil: situação recente,,"ipea, economia, governo, federal, brasil, desenvolvimento, instituto de pesquisa econômica aplicada, secretaria de assuntos estratégicos, sae, pesquisa",Ipea - Instituto de Pesquisa Econômica Aplicada,https://portalantigo.ipea.gov.br/portal/index.php?option=com_content&view=article&id=1723,
238,Comunicado do Ipea nº 013 - PNAD 2007: primeiras análises - saneamento básico e habitação,,"ipea, economia, governo, federal, brasil, desenvolvimento, instituto de pesquisa econômica aplicada, secretaria de assuntos estratégicos, sae, pesquisa",Ipea - Instituto de Pesquisa Econômica Aplicada,https://portalantigo.ipea.gov.br/portal/index.php?option=com_content&view=article&id=1722,
239,"Comunicado do Ipea nº 012 - PNAD 2007: primeiras análises - educação, juventude e raça",,"ipea, economia, governo, federal, brasil, desenvolvimento, instituto de pesquisa econômica aplicada, secretaria de assuntos estratégicos, sae, pesquisa",Ipea - Instituto de Pesquisa Econômica Aplicada,https://portalantigo.ipea.gov.br/portal/index.php?option=com_content&view=article&id=1720,
240,Comunicado do Ipea nº 011 - PNAD 2007: primeiras análises - demografia e gênero,,"ipea, economia, governo, federal, brasil, desenvolvimento, instituto de pesquisa econômica aplicada, secretaria de assuntos estratégicos, sae, pesquisa",Ipea - Instituto de Pesquisa Econômica Aplicada,https://portalantigo.ipea.gov.br/portal/index.php?option=com_content&view=article&id=1719,
241,"Comunicado do Ipea nº 010 - PNAD 2007: primeiras análises - mercado de trabalho, trabalho infantil e previdência",,"ipea, economia, governo, federal, brasil, desenvolvimento, instituto de pesquisa econômica aplicada, secretaria de assuntos estratégicos, sae, pesquisa",Ipea - Instituto de Pesquisa Econômica Aplicada,https://portalantigo.ipea.gov.br/portal/index.php?option=com_content&view=article&id=1718,
242,Comunicado do Ipea nº 009 - PNAD 2007: primeiras análises - pobreza e mudança social,,"ipea, economia, governo, federal, brasil, desenvolvimento, instituto de pesquisa econômica aplicada, secretaria de assuntos estratégicos, sae, pesquisa",Ipea - Instituto de Pesquisa Econômica Aplicada,https://portalantigo.ipea.gov.br/portal/index.php?option=com_content&view=article&id=1716,
243,Comunicado do Ipea nº 008 - Terceira idade e esperança de vida: o Brasil no cenário internacional,,"ipea, economia, governo, federal, brasil, desenvolvimento, instituto de pesquisa econômica aplicada, secretaria de assuntos estratégicos, sae, pesquisa",Ipea - Instituto de Pesquisa Econômica Aplicada,https://portalantigo.ipea.gov.br/portal/index.php?option=com_content&view=article&id=1715,
244,Comunicado do Ipea nº 007 - Pobreza e riqueza no Brasil metropolitano,,"ipea, economia, governo, federal, brasil, desenvolvimento, instituto de pesquisa econômica aplicada, secretaria de assuntos estratégicos, sae, pesquisa",Ipea - Instituto de Pesquisa Econômica Aplicada,https://portalantigo.ipea.gov.br/portal/index.php?option=com_content&view=article&id=1714,
245,Comunicado do Ipea nº 006 - A queda da desigualdade entre as pessoas ocupadas,,"ipea, economia, governo, federal, brasil, desenvolvimento, instituto de pesquisa econômica aplicada, secretaria de assuntos estratégicos, sae, pesquisa",Ipea - Instituto de Pesquisa Econômica Aplicada,https://portalantigo.ipea.gov.br/portal/index.php?option=com_content&view=article&id=1713,
246,Comunicado do Ipea nº 005 - Principais características da inovação na indústria,,"ipea, economia, governo, federal, brasil, desenvolvimento, instituto de pesquisa econômica aplicada, secretaria de assuntos estratégicos, sae, pesquisa",Ipea - Instituto de Pesquisa Econômica Aplicada,https://portalantigo.ipea.gov.br/portal/index.php?option=com_content&view=article&id=1703,
247,"Comunicado do Ipea nº 004 - Desigualdades raciais, racismo e políticas públicas",,"ipea, economia, governo, federal, brasil, desenvolvimento, instituto de pesquisa econômica aplicada, secretaria de assuntos estratégicos, sae, pesquisa",Ipea - Instituto de Pesquisa Econômica Aplicada,https://portalantigo.ipea.gov.br/portal/index.php?option=com_content&view=article&id=1702,
248,Comunicado do Ipea nº 003 - Demanda e perfil dos trabalhadores formais no Brasil,,"ipea, economia, governo, federal, brasil, desenvolvimento, instituto de pesquisa econômica aplicada, secretaria de assuntos estratégicos, sae, pesquisa",Ipea - Instituto de Pesquisa Econômica Aplicada,https://portalantigo.ipea.gov.br/portal/index.php?option=com_content&view=article&id=1701,
249,Comunicado do Ipea nº 002 - Hierarquia e desigualdade salarial na Administração Pública,,"ipea, economia, governo, federal, brasil, desenvolvimento, instituto de pesquisa econômica aplicada, secretaria de assuntos estratégicos, sae, pesquisa",Ipea - Instituto de Pesquisa Econômica Aplicada,https://portalantigo.ipea.gov.br/portal/index.php?option=com_content&view=article&id=1700,
250,Comunicado do Ipea nº 001 - PNAD: primeiras análises - saneamento e habitação,,"ipea, economia, governo, federal, brasil, desenvolvimento, instituto de pesquisa econômica aplicada, secretaria de assuntos estratégicos, sae, pesquisa",Ipea - Instituto de Pesquisa Econômica Aplicada,https://portalantigo.ipea.gov.br/portal/index.php?option=com_content&view=article&id=1699,
