,Data de Criação,Título,Autor,PDF Links,Nota Técnica,Link do PDF,Link
0,13/07/2022 10:57,"O Licenciamento como Instrumento de Regulação Ambiental: Desafios, Propostas e Perspectivas",Autores: Luiz Felipe Monteiro Seixas e Nilo Luiz Saccaro Júnior,,Publicação Preliminar - 2022 - Julho,https://portalantigo.ipea.gov.br/portal/images/stories/PDFs/pubpreliminar/220713_publicacao_preliminar_licenciamento_instrumento.pdf,https://portalantigo.ipea.gov.br/portal/index.php?option=com_content&view=article&id=39424
1,22/06/2022 18:37,Catálogo de Políticas Públicas: Primeiros Resultados e Hipóteses de Pesquisa,"Autores (as): Antônio Brito, Janine Melo e Joana Alencar",,Publicação Preliminar - 2022 - Junho,https://portalantigo.ipea.gov.br/portal/images/stories/PDFs/pubpreliminar/220622_218888_pub_preliminar_catalogo.pdf,https://portalantigo.ipea.gov.br/portal/index.php?option=com_content&view=article&id=39367
2,13/06/2022 17:26,Exportação Virtual de Recursos Hídricos: A Experiência Brasileira com a Produção de Carne Bovina,Autor: Camillo de Moraes Bassi,,Publicação Preliminar - 2022 - Junho,https://portalantigo.ipea.gov.br/portal/images/stories/PDFs/pubpreliminar/220613_nt_camillo.pdf,https://portalantigo.ipea.gov.br/portal/index.php?option=com_content&view=article&id=39340
3,31/05/2022 15:00,Presença de militares em cargos e funções comissionados do Executivo Federal,Autora: Flávia de Holanda Schmidt,,Publicação Preliminar - 2022 - Maio,https://portalantigo.ipea.gov.br/portal/images/stories/PDFs/pubpreliminar/220530_publicacao_preliminar_presenca_de_militares_em_cargos_novo.pdf,https://portalantigo.ipea.gov.br/portal/index.php?option=com_content&view=article&id=39298
4,31/05/2022 11:39,Risco Regulatório e Estimativa do Impacto Financeiro Potencial do PDL 94/2022 nos Investimentos em Infraestrutura,Autora: Katia Rocha,,Publicação Preliminar - 2022 - Maio,https://portalantigo.ipea.gov.br/portal/images/stories/PDFs/pubpreliminar/220531_publicacao_preliminar_nt_risco_regulatorio_e_estimativa.pdf,https://portalantigo.ipea.gov.br/portal/index.php?option=com_content&view=article&id=39301
5,25/05/2022 09:10,Governança Orçamentária no Brasil - A relação entre avaliação e orçamento e o papel do conselho de monitoramento e avaliação de políticas públicas,"Autores: Aumara Feu, Carlos Renato de Melo Castro, Rodrigo Leandro de Moura, Roberta da Silva Vieira e Seiji Kumon Fetter",,Publicação Preliminar - 2022 - Maio,https://portalantigo.ipea.gov.br/portal/images/stories/PDFs/pubpreliminar/220525_publicacao_preliminar_governanca_orcamentaria_no_brasil_cap_03.pdf,https://portalantigo.ipea.gov.br/portal/index.php?option=com_content&view=article&id=39276
6,25/05/2022 09:06,Governança Orçamentária no Brasil - O crescente protagonismo do Tribunal de Contas da União na Governança Orçamentária na década de 2010,Autora: Virgínia de Ângelis Oliveira de Paula,,Publicação Preliminar - 2022 - Maio,https://portalantigo.ipea.gov.br/portal/images/stories/PDFs/pubpreliminar/220525_publicacao_preliminar_governanca_orcamentaria_no_brasil_cap_02.pdf,https://portalantigo.ipea.gov.br/portal/index.php?option=com_content&view=article&id=39275
7,25/05/2022 09:02,Governança Orçamentária no Brasil - Orçamento sem cidadania: Impedimentos à participação e controle social no Brasil,Autores: Carmela Zigoni e José Antônio Moroni,,Publicação Preliminar - 2022 - Maio,https://portalantigo.ipea.gov.br/portal/images/stories/PDFs/pubpreliminar/220525_publicacao_preliminar_governanca_orcamentaria_no_brasil_cap_01.pdf,https://portalantigo.ipea.gov.br/portal/index.php?option=com_content&view=article&id=39274
8,24/05/2022 18:29,Caminhos do desmonte de políticas no Brasil: Condicionantes e hipóteses,Autora: Janine Mello,,Publicação Preliminar - 2022 - Maio,https://portalantigo.ipea.gov.br/portal/images/stories/PDFs/pubpreliminar/220524_pub_preliminar_218760_aminhos_do_desmonte.pdf,https://portalantigo.ipea.gov.br/portal/index.php?option=com_content&view=article&id=39272
9,19/05/2022 12:51,"Análise preliminar da seleção de propostas do Programa de Regularização Fundiária e Melhoria Habitacional, integrante do Programa Casa Verde e Amarela",Autores: Renato Balbim e Cleandro Krause,,Publicação Preliminar - 2022 - Maio,https://portalantigo.ipea.gov.br/portal/images/stories/PDFs/pubpreliminar/220519_publicacao_preliminar_218724_nt_analise_preliminar_selecao.pdf,https://portalantigo.ipea.gov.br/portal/index.php?option=com_content&view=article&id=39251
10,16/05/2022 17:27,"Análise ""ex ante"" de políticas públicas: fundamentos teórico-conceituais e orientações metodológicas para a sua aplicação prática",Autor: Antonio Lassance,,Publicação Preliminar - 2022 - Maio,https://portalantigo.ipea.gov.br/portal/images/stories/PDFs/pubpreliminar/220516_71203_publicacao_preliminar_lassance_analise_ex_ante_guia_metodologica.pdf,https://portalantigo.ipea.gov.br/portal/index.php?option=com_content&view=article&id=39242
11,03/05/2022 15:20,"Políticas públicas, governança orçamentária e o setor paraestatal",Autor: Jackson De Toni,,Publicação Preliminar - 2022 - Maio,https://portalantigo.ipea.gov.br/portal/images/stories/PDFs/pubpreliminar/220503_publicacao_preliminar_cap_15.pdf,https://portalantigo.ipea.gov.br/portal/index.php?option=com_content&view=article&id=39206
12,03/05/2022 15:02,Mudanças recentes na governança orçamentária federal: Um novo regime a partir da EC 95?,"Autores: Carlos Leandro Klein Barcelos, Leandro Freitas Couto e Paulo Du Pin Calmon",,Publicação Preliminar - 2022 - Maio,https://portalantigo.ipea.gov.br/portal/images/stories/PDFs/pubpreliminar/220503_publicacao_preliminar_cap_3_governanca_orcamentaria.pdf,https://portalantigo.ipea.gov.br/portal/index.php?option=com_content&view=article&id=39205
13,20/04/2022 19:04,Controle parlamentar por meio de autorizações orçamentárias condicionadas: Pontos de partida para o estudo da experiência brasileira com obras públicas,Autor : Fernando Moutinho Ramalho Bittencourt,,Publicação Preliminar - 2022 - Abril,https://portalantigo.ipea.gov.br/portal/images/stories/PDFs/pubpreliminar/220420_cap_25_ev_final.pdf,https://portalantigo.ipea.gov.br/portal/index.php?option=com_content&view=article&id=39167
14,20/04/2022 18:56,Orçamento impositivo das emendas coletivas de bancada: Indo além do poder de emenda versus poder de agenda,"Autores (as): Cristian Jesus da Silva, Erlene Maria Coelho Avelino e Júlia Marinho Rodrigues",,Publicação Preliminar - 2022 - Abril,https://portalantigo.ipea.gov.br/portal/images/stories/PDFs/pubpreliminar/220420_cap_24_ev_final.pdf,https://portalantigo.ipea.gov.br/portal/index.php?option=com_content&view=article&id=39166
15,20/04/2022 18:51,Gasto tributário no Brasil: Evolução e hipóteses explicativas,Autor: Lucas Trentin Rech,,Publicação Preliminar - 2022 - Abril,https://portalantigo.ipea.gov.br/portal/images/stories/PDFs/pubpreliminar/220420_cap_14_ev_final.pdf,https://portalantigo.ipea.gov.br/portal/index.php?option=com_content&view=article&id=39165
16,20/04/2022 18:46,Fugindo do jogo para ganhar - O peso dos gastos tributários,Autores (as): Karen Silverwood-Cope e Marcelo Ling,,Publicação Preliminar - 2022 - Abril,https://portalantigo.ipea.gov.br/portal/images/stories/PDFs/pubpreliminar/220420_cap_13_final.pdf,https://portalantigo.ipea.gov.br/portal/index.php?option=com_content&view=article&id=39164
17,20/04/2022 17:15,Investir em Inovação é Garantir o Futuro,Autor: João Alberto De Negri,,Publicação Preliminar - 2022 - Abril,https://portalantigo.ipea.gov.br/portal/images/stories/PDFs/pubpreliminar/220420_denegri_brasil_eua_china_europa_v35_preliminar.pdf,https://portalantigo.ipea.gov.br/portal/index.php?option=com_content&view=article&id=39162
18,29/03/2022 18:03,Indicadores de Produtividade e Sustentabilidade do Setor Agropecuário Brasileiro,Autor: José Eustáquio Ribeiro Vieira Filho,,Publicação Preliminar - 2022 - Março,https://portalantigo.ipea.gov.br/portal/images/stories/PDFs/pubpreliminar/220329_indicadores%20_produtividade.pdf,https://portalantigo.ipea.gov.br/portal/index.php?option=com_content&view=article&id=39087
19,25/03/2022 10:00,A Política de Microcrédito como Ferramenta para o Fortalecimento dos Pequenos Negócios e a Inclusão Produtiva dos Pequenos Empreendedores,Autor: Erik Alencar de Figueiredo,,Publicação Preliminar - 2022 - Março,https://portalantigo.ipea.gov.br/portal/images/stories/PDFs/pubpreliminar/250322_presidente_revisao.pdf,https://portalantigo.ipea.gov.br/portal/index.php?option=com_content&view=article&id=39462
20,11/03/2022 18:19,Impactos fatais da COVID-19 nos trabalhadores brasileiros,Autores: Ernesto Pereira Galindo; Sandro Pereira Silva; Jorge Ubirajara Pedreira,,Publicação Preliminar - 2022 - Março,https://portalantigo.ipea.gov.br/portal/images/stories/PDFs/pubpreliminar/220311_impactos_covid.pdf,https://portalantigo.ipea.gov.br/portal/index.php?option=com_content&view=article&id=39025
21,10/03/2022 08:24,O sistema tributário dos países da OCDE e as principais recomendações da entidade: fornecendo parâmetros para a reforma tributária no Brasil,Autor: Pedro Humberto Bruno de Carvalho Junior,,Publicação Preliminar - 2022 - Março,https://portalantigo.ipea.gov.br/portal/images/stories/PDFs/pubpreliminar/220310_publicacao_preliminar_o_sistema_tributario_dos_paises_da_ocde.pdf,https://portalantigo.ipea.gov.br/portal/index.php?option=com_content&view=article&id=39017
22,10/02/2022 21:44,Uma solução em busca de um problema: repensando o enfrentamento ao tráfico de pessoas no Brasil,"Autores(as): Rodrigo Fracalossi de Moraes, André de Mello e Souza, Flávia do Bonsucesso Teixeira e Mirian Alves de Souza",,Publicação Preliminar - 2021 - Dezembro,https://portalantigo.ipea.gov.br/portal/images/stories/PDFs/pubpreliminar/220214_publ_preliminar_uma_solucao_em_busca_de_um_problema.pdf,https://portalantigo.ipea.gov.br/portal/index.php?option=com_content&view=article&id=38944
23,03/02/2022 10:59,A Dinâmica Recente do Algodão no Mato Grosso: Possibilidades de Exportação para o Peru e Ásia-Pacífico,"Autores: Pedro Silva Barros, Luciano Wexell Severo, Alexandre Gervásio de Sousa e Helitton Christoffer Carneiro",,Publicação Preliminar - 2022 - Fevereiro,https://portalantigo.ipea.gov.br/portal/images/stories/PDFs/pubpreliminar/220203_nt_preliminar_dinte_a_dinamica_recente_do_algodao.pdf,https://portalantigo.ipea.gov.br/portal/index.php?option=com_content&view=article&id=38916
24,07/01/2022 14:27,"Equipe Técnica: Nilo Luiz Saccaro Junior, Diana Meirelles da Motta, Claudio Antonio Gonçalves Egler, Fernando Luiz Araújo Sobrinho, Ederson Nascimento e Bolívar Pêgo.",,,,https://portalantigo.ipea.gov.br/portal/images/stories/PDFs/relatorio_institucional/220624_216711_ri_competitividade_governanaa_novo.pdf,https://portalantigo.ipea.gov.br/portal/index.php?option=com_content&view=article&id=38849
25,29/12/2021 15:41,"Acessão à OCDE: experiências recentes e seus efeitos sobre investimento, comércio e crescimento econômico",Autore(a): Ignácio Tavares de Araújo Júnior,,Publicação Preliminar - 2021 - Dezembro,https://portalantigo.ipea.gov.br/portal/images/stories/PDFs/pubpreliminar/211229_publicacao_preliminar_nt_acesso_a_ocde.pdf,https://portalantigo.ipea.gov.br/portal/index.php?option=com_content&view=article&id=38824
26,21/12/2021 14:12,Uso de evidências pela burocracia dirigente do nível federal,"Autores(as): Pedro Lucas de Moura Palotti, Natália Massaco Koga, Bruno Gontyjo do Couto, Maricilene Isaira Baia do Nascimento e Rafael da Silva Lins",,Publicação Preliminar - 2021 - Dezembro,https://portalantigo.ipea.gov.br/portal/images/stories/PDFs/pubpreliminar/211221_pub_preliminar_td_uso_de_evidencias_pela_burocracia.pdf,https://portalantigo.ipea.gov.br/portal/index.php?option=com_content&view=article&id=38808
27,17/12/2021 14:53,O Estudante de Hoje Financiado Pelo Profissional do Amanhã: Proposta de Um Sistema Nacional de Financiamento Estudantil Com Pagamentos Vinculados À Renda Futura – Funcio,Autor: Paulo Meyer Nascimento,,Publicação Preliminar - 2021 - Dezembro,https://portalantigo.ipea.gov.br/portal/images/stories/PDFs/pubpreliminar/211217_publ_preliminar_td_o_estudante_de_hoje.pdf,https://portalantigo.ipea.gov.br/portal/index.php?option=com_content&view=article&id=38795
28,13/12/2021 12:59,Catch-up tecnológico e superação da Armadilha da Renda Média: o caso da China no setor de semicondutores,Autor: Uallace Moreira Lima,,Publicação Preliminar - 2021 - Dezembro,https://portalantigo.ipea.gov.br/portal/images/stories/PDFs/pubpreliminar/211213_pub_preliminar_td_dinte_catch_up_tecnologico_superacao_armadilha_renda_media.pdf,https://portalantigo.ipea.gov.br/portal/index.php?option=com_content&view=article&id=38775
29,13/12/2021 12:56,"Evolução da agricultura chinesa, da fome às reformas de desenvolvimento do setor","Autores(as): Scarlett Queen Almeida Bispo, Michelle Marcia Viana Martins e Alicia Cechin",,Publicação Preliminar - 2021 - Dezembro,https://portalantigo.ipea.gov.br/portal/images/stories/PDFs/pubpreliminar/211213_pub_preliminar_nt_evolucao_da_agricultura_chinesa_da_fome_reformas_desenvolvimento_setor.pdf,https://portalantigo.ipea.gov.br/portal/index.php?option=com_content&view=article&id=38774
30,13/12/2021 12:52,Políticas industriais na China nos últimos 30 anos,"Autores(as): Marcelo Nonnenberg, Uallace Lima e Scarlett Bispo.",,Publicação Preliminar - 2021 - Dezembro,https://portalantigo.ipea.gov.br/portal/images/stories/PDFs/pubpreliminar/211213_pub_preliminar_nt_dinte_politicas_industriais_china_nos_ultimos_30_anos.pdf,https://portalantigo.ipea.gov.br/portal/index.php?option=com_content&view=article&id=38773
31,13/12/2021 12:34,"Gasto social com crianças e adolescentes (GSC&A), descrição metodológica",,,Publicação Preliminar - 2021 - Dezembro,https://portalantigo.ipea.gov.br/portal/images/stories/PDFs/pubpreliminar/211213_pub_preliminar_nt_disoc_gasto_social_com_criancas_adolescentes.pdf,https://portalantigo.ipea.gov.br/portal/index.php?option=com_content&view=article&id=38771
32,10/12/2021 16:53,Quão Fechadas São As Porteiras Ministeriais? Filiações e Fracionamento Partidário na Burocracia Polílica da Esplanada (1999-2018),Autores: Felix Garcia Lopez (IPEA) e Thiago Moreira (UFMG),,Publicação Preliminar - 2021 - Dezembro,https://portalantigo.ipea.gov.br/portal/images/stories/PDFs/pubpreliminar/211210_publicacao_preliminar_td_quao_fechados_sao_as_porteiras.pdf,https://portalantigo.ipea.gov.br/portal/index.php?option=com_content&view=article&id=38766
33,09/12/2021 18:18,Dinâmica da Economia Agrícola da China e de Suas Províncias e Regiões,Autor: João Vitor Borges da Silvas,,Publicação Preliminar - 2021 - Dezembro,https://portalantigo.ipea.gov.br/portal/images/stories/PDFs/pubpreliminar/211209_nt_a_dinamica_da_economica_agricola.pdf,https://portalantigo.ipea.gov.br/portal/index.php?option=com_content&view=article&id=38757
34,09/12/2021 17:53,O Sistema Fiscal e Tributário da China: Um Olhar a Partir do Brasil,Autores: Pedro Humberto B. de Carvalho Junior e Ticiana G. Amaral Nunes,,Publicação Preliminar - 2021 - Dezembro,https://portalantigo.ipea.gov.br/portal/images/stories/PDFs/pubpreliminar/211209_td_o_sistema_discal_e_tributario_da_china.pdf,https://portalantigo.ipea.gov.br/portal/index.php?option=com_content&view=article&id=38756
35,09/12/2021 17:47,Novas Tecnologias e Infraestrutura do Setor Elétrico Brasileiro – Armazenamento de Energia Em Baterias,Autor: Rogério Diogne de Souza e Silva,,Publicação Preliminar - 2021 - Dezembro,https://portalantigo.ipea.gov.br/portal/images/stories/PDFs/pubpreliminar/211209_pub_preliminar_td_diset_novas_tecnologas_e_infra.pdf,https://portalantigo.ipea.gov.br/portal/index.php?option=com_content&view=article&id=38755
36,07/12/2021 17:41,Normalização Técnica: o Modelo Chinês,Autor: Luís Fernando Tironi,,Publicação Preliminar - 2021 - Dezembro,https://portalantigo.ipea.gov.br/portal/images/stories/PDFs/pubpreliminar/211207_pub_preliminar_normalizacao_tecnica.pdf,https://portalantigo.ipea.gov.br/portal/index.php?option=com_content&view=article&id=38743
37,07/12/2021 17:38,"A Nova Rota da Seda e a Projeção Econômica Internacional da China: Redes de Financiamento, Fluxos de Investimento Externo Direto (IED) e Contratos de Construção","Autores: Marco Aurélio Alves de Mendonça, Carlos Renato da Fonseca Ungaretti Lopes Filho e Juliana Kelly Barbosa da Silva Oliveira",,Publicação Preliminar - 2021 - Dezembro,https://portalantigo.ipea.gov.br/portal/images/stories/PDFs/pubpreliminar/211207_pub_preliminar_nt_dinte_a_nova_rota_da_seda.pdf,https://portalantigo.ipea.gov.br/portal/index.php?option=com_content&view=article&id=38742
38,06/12/2021 17:58,Inovações na Governança Orçamentária? O Que Revelam os Casos dos Governos Federais dos Estados Unidos e do Brasil,Autores: Daniel Sigelmann e Paulo du Pin Calmon,,Publicação Preliminar - 2021 - Dezembro,https://portalantigo.ipea.gov.br/portal/images/stories/PDFs/pubpreliminar/211206_pub_preliminar_cap4.pdf,https://portalantigo.ipea.gov.br/portal/index.php?option=com_content&view=article&id=38732
39,06/12/2021 17:55,O papel das Instituições Fiscais Independentes (IFIs) e o caso da IFI do Brasil,Autores: Felipe Scudeler Salto e Rafael da Rocha Mendonça Bacciotti,,Publicação Preliminar - 2021 - Dezembro,https://portalantigo.ipea.gov.br/portal/images/stories/PDFs/pubpreliminar/211206_pub_preliminar_cap3.pdf,https://portalantigo.ipea.gov.br/portal/index.php?option=com_content&view=article&id=38731
40,06/12/2021 17:53,Agenda formal e agenda substantiva na adesão do Brasil às recomendações de governança orçamentária da OCDE,Autor: Rita de Cássia Leal Fonseca dos Santos,,Publicação Preliminar - 2021 - Dezembro,https://portalantigo.ipea.gov.br/portal/images/stories/PDFs/pubpreliminar/211206_pub_preliminar_cap2.pdf,https://portalantigo.ipea.gov.br/portal/index.php?option=com_content&view=article&id=38730
41,06/12/2021 17:48,Spending Review e MTEF – caminhos para maior estabilidade?,Autor: Paulo Roberto Simão Bijos,,Publicação Preliminar - 2021 - Dezembro,https://portalantigo.ipea.gov.br/portal/images/stories/PDFs/pubpreliminar/211206_pub_preliminar_cap1.pdf,https://portalantigo.ipea.gov.br/portal/index.php?option=com_content&view=article&id=38729
42,01/12/2021 08:00,Research For Investment Cooperation Between Brazil And China,"Autores: Renato Baumann, Gilberto Libanio, Mario Joplin, Zhou Mi, Xu Man, Tang Jie, Kou Chunhe , Li Wei",,Publicação Preliminar - 2021 - Dezembro,https://portalantigo.ipea.gov.br/portal/images/stories/PDFs/pubpreliminar/211125_nt_dinte_research_investment_cooperartion.pdf,https://portalantigo.ipea.gov.br/portal/index.php?option=com_content&view=article&id=38698
43,01/12/2021 08:00,China-Brazil Agricultural Trade Research,"Autores: Marcelo José Braga Nonnenberg, Uallace Moreira Lima, Scarlett Queen Bispo, Mateus Araujo, Fernanda Pedrosa, Li Wei, Zhou Mi, and Kou Chunhe",,Publicação Preliminar - 2021 - Dezembro,https://portalantigo.ipea.gov.br/portal/images/stories/PDFs/pubpreliminar/211125_china_brazil_agricuture_trade.pdf,https://portalantigo.ipea.gov.br/portal/index.php?option=com_content&view=article&id=38699
44,29/11/2021 12:38,'Tarifa Social de Energia Elétrica' (TSEE) a partir das medidas de enfrentamento da crise socioeconômica decorrente da pandemia SARS-Covid 19,Autores: Edison Benedito da Silva Filho e Guilherme Vampré Homsy,,Publicação Preliminar - 2021 - Novembro,https://portalantigo.ipea.gov.br/portal/images/stories/PDFs/pubpreliminar/211126_td_preliminar_nt_avaliacao_tsee.pdf,https://portalantigo.ipea.gov.br/portal/index.php?option=com_content&view=article&id=38705
45,26/11/2021 10:21,Brasil-Venezuela: evolução das relações bilaterais e implicações da crise venezuelana para a inserção regional brasileira 1999-2021,"Autores: Pedro Silva Barros, Raphael Camargo Lima e Helitton Christoffer Carneiro",,Publicação Preliminar - 2021 - Novembro,https://portalantigo.ipea.gov.br/portal/images/stories/PDFs/pubpreliminar/211126_td_preliminar_brasil_venezuela_evolucao_das_relacoees_bilaterais.pdf,https://portalantigo.ipea.gov.br/portal/index.php?option=com_content&view=article&id=38700
46,23/11/2021 17:54,Utilização da Infraestrutura dos Sistemas de Transmissão e Distribuição de Energia Elétrica Para Transmissão de Dados,Autores: Rogério Diogne de Souza e Silva,,Publicação Preliminar - 2021 - Novembro,https://portalantigo.ipea.gov.br/portal/images/stories/PDFs/pubpreliminar/211123_pub_prelimiar_trasmissao_de_dados_infraestrutura_setor_eletrico.pdf,https://portalantigo.ipea.gov.br/portal/index.php?option=com_content&view=article&id=38688
47,22/11/2021 20:13,"O ""making of"" de uma grande política pública: estratégia, planejamento e apoio à decisão na construção do Plano Marshall Autor","O ""making of"" de uma grande política pública: estratégia, planejamento e apoio à decisão na construção do Plano Marshall Autor",,Publicação Preliminar - 2021 - Novembro,https://portalantigo.ipea.gov.br/portal/images/stories/PDFs/pubpreliminar/211122_publicacao_td_marketing_of_plano_marshal.pdf,https://portalantigo.ipea.gov.br/portal/index.php?option=com_content&view=article&id=38679
48,18/11/2021 19:23,"Efeitos econômicos de acordos de livre comércio sobre o Brasil: Os casos da Parceria Econômica Regional Abrangente (RCEP), do Acordo Abrangente e Progressivo para a Parceria Transpacífica (CPTPP) e do Acordo da Zona de Livre Comércio da África Continental (ZLCAC)",Autor(s): Admir Bettarelli Jr e Weslem Rodrigues Faria,,Publicação Preliminar - 2021 - Novembro,https://portalantigo.ipea.gov.br/portal/images/stories/PDFs/pubpreliminar/211118_nt_efeitos_economicos_de_acordo_livre.pdf,https://portalantigo.ipea.gov.br/portal/index.php?option=com_content&view=article&id=38672
49,16/11/2021 20:11,"Os Mega-Acordos Regionais Contemporâneos (Cptpp, Rcep E Afcfta): Uma Primeira Aproximação Comparativa Aos Acordos E Suas Estruturas Regulatórias",Autor(s): Marina Amaral Egydio de Carvalho e Marcus Maurer de Salles,,Publicação Preliminar - 2021 - Novembro,https://portalantigo.ipea.gov.br/portal/images/stories/PDFs/pubpreliminar/211116_publicacao_preliminar_mega_acordos_regionais.pdf,https://portalantigo.ipea.gov.br/portal/index.php?option=com_content&view=article&id=38662
50,05/11/2021 10:31,Ciência e Pseudociência Durante a Pandemia de Covid-19: O Papel dos “Intermediários do Conhecimento” Nas Políticas dos Governos Estaduais no Brasil,Autor(s): Rodrigo Fracalossi de Moraes,,Publicação Preliminar - 2021 - Outubro,https://portalantigo.ipea.gov.br/portal/images/stories/PDFs/pubpreliminar/2111105_publicacao_preliminar_ciencia_e_pseudociencia_durante_a_perda.pdf,https://portalantigo.ipea.gov.br/portal/index.php?option=com_content&view=article&id=38641
51,27/10/2021 15:03,Integração Econômica Bilateral Argentina-Brasil: reconstruindo pontes,"Autores(as): Pedro Silva Barros, Fernando J. Ribeiro, André Pineli, Luciano Wexell Severo, Corival Alves do Carmo, Julia de Souza Borba Gonçalves e Helitton Christoffer Carneiro",,Publicação Preliminar - 2021 - Outubro,https://portalantigo.ipea.gov.br/portal/images/stories/PDFs/pubpreliminar/211027_nt_dinte_publicacao_preliminar.pdf,https://portalantigo.ipea.gov.br/portal/index.php?option=com_content&view=article&id=38622
52,26/10/2021 10:51,A dinâmica do emprego setorial no último biênio,"Autores(as): Carlos Henrique Corseuil, Gabriela Padilha, Lauro Ramos e Felipe Russo",,Publicação Preliminar - 2021 - Outubro,https://portalantigo.ipea.gov.br/portal/images/stories/PDFs/pubpreliminar/211026_publicacao_preliminar_nt_a_dinamica_do_emprego_setorial.pdf,https://portalantigo.ipea.gov.br/portal/index.php?option=com_content&view=article&id=38615
53,26/10/2021 10:51,Cooperação internacional em tempos de pandemia - Relatório 2019-2020,Autores(as): Renato Baumann (coordenador); Rafael Schleicher; José Alejandro Barrios; Jhonatan Ferreira e Priscilla Mayna Santana,,Publicação Preliminar - 2021 - Outubro,https://portalantigo.ipea.gov.br/portal/images/stories/PDFs/pubpreliminar/211026_publicacao_preliminar_livro_cooperacao_internacional_em_tempos_de_pandemia.pdf,https://portalantigo.ipea.gov.br/portal/index.php?option=com_content&view=article&id=38614
54,25/10/2021 17:53,"Aníbal Pinto, Schumpeter e Friedman em um Coquetel: Uma Proposta de Sistema deCapacitação e Financiamento do Aumento da Produtividade das MPES com Pagamento Quando e se o Negócio Prospera","Autores(as): Mauro Oddo Nogueira, Paulo Meyer Nascimento, Luiz Alberto Esteves, Giovanni Silva Beviláqua e Fabiano Mezadre Pompermayer",,Publicação Preliminar - 2021 - Outubro,https://portalantigo.ipea.gov.br/portal/images/stories/PDFs/pubpreliminar/211025_pub_preliminar_anibal_pinto.pdf,https://portalantigo.ipea.gov.br/portal/index.php?option=com_content&view=article&id=38612
55,20/10/2021 11:34,Avaliação dos conflitos do compartilhamentos de postes entre os setores de distribuição de energia e telecomunicações,"Autores(as): Bruna de Abreu Martins, Luis Claudio Kubota, Luiz Alexandre Moreira Barros e Mauricio Benedeti Rosa",,Publicação Preliminar - 2021 - Outubro,https://portalantigo.ipea.gov.br/portal/images/stories/PDFs/pubpreliminar/211020_publicacao_preliminar_td_avaliacao_dos_conflitos_do_compartilhamentos_de_postes.pdf,https://portalantigo.ipea.gov.br/portal/index.php?option=com_content&view=article&id=38601
56,20/10/2021 11:27,Análise sobre o enterramento de infraestrutura de redes dos setores de distribuição de energia e telecomunicações,"Autores(as): Bruna de Abreu Martins, Lucas Arango e Luis Claudio Kubota",,Publicação Preliminar - 2021 - Outubro,https://portalantigo.ipea.gov.br/portal/images/stories/PDFs/pubpreliminar/211020_publicacao_preliminar_analise_sobre_o_enterramento_de_infraestrutura_de_redes.pdf,https://portalantigo.ipea.gov.br/portal/index.php?option=com_content&view=article&id=38600
57,19/10/2021 10:51,Estruturas ministeriais comparadas: uma análise preliminar sobre a trajetória de ministérios em 21 países (1990-2020),"Autores(as): Silvana Santos Gomes, Luciana Silveira, Jaqueline da Silva Borges, Noëlle da Silva, João Cláudio Basso Pompeu, Igor Ferraz da Fonseca e Antonio Lassance",,Publicação Preliminar - 2021 - Outubro,https://portalantigo.ipea.gov.br/portal/images/stories/PDFs/pubpreliminar/211019_publicacao_preliminar_td_estruturas_ministeriais_comparadas_uma_analise_preliminar.pdf,https://portalantigo.ipea.gov.br/portal/index.php?option=com_content&view=article&id=38592
58,18/10/2021 08:00,Vanguardismo ambiental e protecionismo comercial na União Europeia e nos Estados Unidos da América,"Autores(as): Vera Thorstensen, Catherine Rebouças Mota, Mauro Kiithi Arima Júnior, Fábio Jorge de Toledo Thomazella e Amanda Mitsui Zuchieri",,Publicação Preliminar - 2021 - Outubro,https://portalantigo.ipea.gov.br/portal/images/stories/PDFs/pubpreliminar/211510_publicacao_preliminar_vanguardismo_ambiental_e_proteccionismo.pdf,https://portalantigo.ipea.gov.br/portal/index.php?option=com_content&view=article&id=38586
59,15/10/2021 13:56,Equivalentes AD valorem para medidas não tarifárias sob mercados imperfeitos e incerteza,Autores(as): Krisley Mendes e André Luchine,,Publicação Preliminar - 2021 - Outubro,https://portalantigo.ipea.gov.br/portal/images/stories/PDFs/pubpreliminar/211015_publicacao_preliminar_equivalentes_ad_valorem_para_medidas_nao_tarifarias.pdf,https://portalantigo.ipea.gov.br/portal/index.php?option=com_content&view=article&id=38584
60,23/09/2021 14:01,"Autores: Alexandre dos Santos Cunha, Camila Callegario Ribeiro, Karine Vargas Pontes, Pâmela Vieira Mattos e Raquel da Silva Almeida.",,,,https://portalantigo.ipea.gov.br/portal/images/stories/PDFs/relatorio_institucional/210923_ri_analise_das_politicas.pdf,https://portalantigo.ipea.gov.br/portal/index.php?option=com_content&view=article&id=38528
61,15/09/2021 08:00,Relatório de Assistência Tarifária Efetiva Aos Setores Econômicos No Brasil: Estimativas Atualizadas Para 2018,"Autores: Fernando J. Ribeiro, Gerlane G. de Andrade",,Publicação Preliminar - 2021 - Setembro,https://portalantigo.ipea.gov.br/portal/images/stories/PDFs/pubpreliminar/210915_nt_assitencia_setorital_2021.pdf,https://portalantigo.ipea.gov.br/portal/index.php?option=com_content&view=article&id=38488
62,10/09/2021 18:01,Proposta de Redação à Regulamentação da Política Nacional de Apoio e Desenvolvimento das Micro e Pequenas Empresas,"Autor: Mauro Oddo Nogueira, Leonardo Meira Reis, Antonio Everton Chaves Junior e Henrique Reichert",,Publicação Preliminar - 2021 - Setembro,https://portalantigo.ipea.gov.br/portal/images/stories/PDFs/pubpreliminar/210910_publicacao_preliminar_nt_proposta_de_redacao.pdf,https://portalantigo.ipea.gov.br/portal/index.php?option=com_content&view=article&id=38474
63,10/09/2021 09:36,Economic Impacts of a Free Trade Agreement Between Mercosur and the United States: A general equilibrium approach,,,Publicação Preliminar - 2021 - Setembro,https://portalantigo.ipea.gov.br/portal/images/stories/PDFs/pubpreliminar/210910_nota_tecnica_preliminar_fta_simulations.pdf,https://portalantigo.ipea.gov.br/portal/index.php?option=com_content&view=article&id=38471
64,10/09/2021 09:31,Brazil and the United States: routes for improving a historical economic partnership,,,Publicação Preliminar - 2021 - Setembro,https://portalantigo.ipea.gov.br/portal/images/stories/PDFs/pubpreliminar/210910_nota_tecnica_preliminar_carneiro_desidera_brazil_and_the_us_editorial_1.pdf,https://portalantigo.ipea.gov.br/portal/index.php?option=com_content&view=article&id=38470
65,31/08/2021 19:05,Coordenadores: Fabiola Sulpino Vieira e Jhonathan Divino Ferreira dos Santos,,,,https://portalantigo.ipea.gov.br/portal/images/stories/PDFs/relatorio_institucional/210831_ri_projeto_indexacao_da_producao.pdf,https://portalantigo.ipea.gov.br/portal/index.php?option=com_content&view=article&id=38445
66,31/08/2021 00:00,"Daniel Cerqueira (coordenador), Helder Ferreira (coordenador), Samira Bueno (coordenadora), Paloma Palmieri Alves, Renato Sérgio de Lima, David Marques, Frederico Augusto Barbosa da Silva, Isabella Cristina Lunelli, Rute Imanishi Rodrigues, Gabriel de Oliveira Accioly Lins, Karolina Chacon Armstrong, Pablo Lira, Danilo Coelho, Betina Barros, Isabela Sobral, Dennis Pacheco e Amanda Pimentel",,,,https://portalantigo.ipea.gov.br/portal/images/stories/PDFs/relatorio_institucional/211203_atlas_da_violencia_2021.pdf,https://portalantigo.ipea.gov.br/portal/index.php?option=com_content&view=article&id=38836
67,25/08/2021 12:18,Políticas Públicas para Ciência e Tecnologia no Brasil: cenário e evolução recente,Autora: Fernanda De Negri,,Publicação Preliminar - 2021 - Agosto,https://portalantigo.ipea.gov.br/portal/images/stories/PDFs/pubpreliminar/210825_publicacao_preliminar_nt_politicas_publicas_para_ciencia_e_tecnoogia.pdf,https://portalantigo.ipea.gov.br/portal/index.php?option=com_content&view=article&id=38409
68,10/08/2021 10:06,Coordenadora: Vera Thorstensen,,,,https://portalantigo.ipea.gov.br/portal/images/stories/PDFs/relatorio_institucional/210810_ri_cb_na_ocde_investimentos.pdf,https://portalantigo.ipea.gov.br/portal/index.php?option=com_content&view=article&id=38357
69,09/08/2021 12:53,"Análise da Nova “Estratégia Nacional de Inovação""",Autores: Fernanda De Negri; Tulio Chiarini; Priscila Koeller; Graziela Zucoloto; Pedro Miranda; Larissa Pereira; Leonardo Szigethy; André Rauen; Flávio Lobo,,Publicação Preliminar - 2021 - Agosto,https://portalantigo.ipea.gov.br/portal/images/stories/PDFs/pubpreliminar/210809_publicacao_prelimiar_nt_analise_da_nova_estrategia_nacional.pdf,https://portalantigo.ipea.gov.br/portal/index.php?option=com_content&view=article&id=38355
70,06/08/2021 08:00,Avaliação preliminar dos impactos sobre a economia brasileira do acordo de livre comércio entre Mercosul e Coreia do Sul,Autore: Fernando J. Ribeiro,,Publicação Preliminar - 2021 - Agosto,https://portalantigo.ipea.gov.br/portal/images/stories/PDFs/pubpreliminar/210805_publ_preliminar_avaliacao_preliminar_impactos_sobre_a_economia.pdf,https://portalantigo.ipea.gov.br/portal/index.php?option=com_content&view=article&id=38341
71,09/07/2021 17:00,"Equipe Técnica: Antonio Pedro Rima de Oliveira Faria, Cássio Garcia Ribeiro, Edmundo Inácio Júnior e Ignácio Tavares de Araújo Júnior",,,,https://portalantigo.ipea.gov.br/portal/images/stories/PDFs/210707_cb_ocde_compras_publicas.pdf,https://portalantigo.ipea.gov.br/portal/index.php?option=com_content&view=article&id=38248
72,02/07/2021 09:17,Brazil and Russia: how to improve the economic relationship beyond resource-based insdustries,,,Publicação Preliminar - 2021 -Julho,https://portalantigo.ipea.gov.br/portal/images/stories/PDFs/pubpreliminar/210702_publicacao_preliminar_brazil_and_russia_how_to_improve_the_economic_relationship_beyond.pdf,https://portalantigo.ipea.gov.br/portal/index.php?option=com_content&view=article&id=38228
73,29/06/2021 12:54,Economic Impacts of a Free Trade Agreement Between Brazil and Russia: A General Equilibrium Approach,,,Publicação Preliminar - 2021 - Junho,https://portalantigo.ipea.gov.br/portal/images/stories/PDFs/pubpreliminar/210629_publicacao_preliminar_economic_impacts_of_a_free_trade_agreement_between_novo.pdf,https://portalantigo.ipea.gov.br/portal/index.php?option=com_content&view=article&id=38214
74,29/06/2021 11:48,Transparência e Dados Abertos sobre Covid-19 nas capitais brasileiras: características e diagnóstico,Autores: Sivaldo Pereira da Silva e Igor Ferraz da Fonseca,,Publicação Preliminar - 2021 - Junho,https://portalantigo.ipea.gov.br/portal/images/stories/PDFs/pubpreliminar/210629_publicacao_preliminar_nt_transpareencia_e_dados_abertos_sobre_covid_19.pdf,https://portalantigo.ipea.gov.br/portal/index.php?option=com_content&view=article&id=38212
75,21/06/2021 09:04,Análise das propostas do plano BEPS da OCDE/G20 sobre tributação dos serviços digitais e a atual situação internacional,Autor: Pedro Humberto Bruno de Carvalho Junior,,Publicação Preliminar - 2021 - Junho,https://portalantigo.ipea.gov.br/portal/images/stories/PDFs/pubpreliminar/210621_nota_tecnica_preliminar_tributacao_de_servicos_digitais.pdf,https://portalantigo.ipea.gov.br/portal/index.php?option=com_content&view=article&id=38182
76,26/05/2021 10:34,Brazil and India: Peculiar relationship with big potential,,,Publicação Preliminar - 2021 - Maio,https://portalantigo.ipea.gov.br/portal/images/stories/PDFs/pubpreliminar/210526_dp_publicacao_preliminar_brasil_india.pdf,https://portalantigo.ipea.gov.br/portal/index.php?option=com_content&view=article&id=38031
77,26/05/2021 10:28,Assessing The effects of a free trade agreement between Brazil and India: A general equilibrium approach,,,Publicação Preliminar - 2021 - Maio,https://portalantigo.ipea.gov.br/portal/images/stories/PDFs/pubpreliminar/210526_dp_publicacao_preliminar_fta_simulations.pdf,https://portalantigo.ipea.gov.br/portal/index.php?option=com_content&view=article&id=38030
78,21/05/2021 08:53,A reformulação das transferências de renda no Brasil simulações e desafios,"Autores: Luis Henrique Paiva, Letícia Bartholo, Pedro H. G. Ferreira de Souza e Rodrigo Octávio Orair",,Publicação Preliminar - 2021 - Maio,https://portalantigo.ipea.gov.br/portal/images/stories/PDFs/pubpreliminar/210521_publicacao_preliminar_a_reformulacao_das_transferencias.pdf,https://portalantigo.ipea.gov.br/portal/index.php?option=com_content&view=article&id=38012
79,20/05/2021 11:47,Remunerações e desigualdades salariais no funcionalismo brasileiro (1985-2018),"Autores: Felix Garcia Lopez, Bruno Portes Costa de Castro, José Teles Mendes, Ulisses Carlos Silva Ferreira, Leonardo Souza Silveira, Erivelton Pires Guedes, Pedro Henrique Elgaly e Ademar Pires Guedes",,Publicação Preliminar - 2021 - Maio,https://portalantigo.ipea.gov.br/portal/images/stories/PDFs/pubpreliminar/210520_publicacao_preliminar_remuneracoes_e_desigualdades_salariais.pdf,https://portalantigo.ipea.gov.br/portal/index.php?option=com_content&view=article&id=38010
80,17/05/2021 11:22,BPC em disputa: como alterações recentes se refletem no acesso ao benefício,Autoras: Andrea Barreto de Paiva e Marina Brito Pinheiro,,Publicação Preliminar - 2021 - Maio,https://portalantigo.ipea.gov.br/portal/images/stories/PDFs/pubpreliminar/210517_td_preliminar_bpc_em_disputa_como_alteracoes_recentes.pdf,https://portalantigo.ipea.gov.br/portal/index.php?option=com_content&view=article&id=38000
81,14/05/2021 14:02,Mortalidade por Covid-19 e Queda do Emprego no Brasil e no Mundo,Autor: Marcos Hecksher,,Publicação Preliminar - 2021 - Maio,https://portalantigo.ipea.gov.br/portal/images/stories/PDFs/pubpreliminar/210514_nt_mortalidade_emprego_marcos_hecksher_public_preliminar.pdf,https://portalantigo.ipea.gov.br/portal/index.php?option=com_content&view=article&id=37981
82,12/05/2021 10:00,Análise das Políticas Públicas sobre Drogas no Orçamento Federal – 2005 a 2019,"Autores: Alexandre dos Santos Cunha, Camila Callegario Ribeiro, Karine Vargas Pontes, Pâmela Vieira Mattos e Raquel da Silva Almeida.",,Publicação Preliminar - 2021 - Maio,https://portalantigo.ipea.gov.br/portal/images/stories/PDFs/pubpreliminar/210510_analise_das_politicas_publicas_sobre_drogras_no_orcamento_federa_2005_a_2019.pdf,https://portalantigo.ipea.gov.br/portal/index.php?option=com_content&view=article&id=37958
83,07/05/2021 08:23,A Ponte do Abunã e a Integração da Amacro ao Pacífico,"Autores: Pedro Silva Barros, Luciano Wexell Severo, Cristovão Henrique Ribeiro da Silva e Helitton Christoffer Carneiro",,Publicação Preliminar - 2021 - Maio,https://portalantigo.ipea.gov.br/portal/images/stories/PDFs/pubpreliminar/210507_nt_preliminar_a_ponte_do_abuna_e_integracao_da_amacro_ao_pacifico.pdf,https://portalantigo.ipea.gov.br/portal/index.php?option=com_content&view=article&id=37951
84,06/05/2021 18:39,"Equipe Técnica: Elaine Cristina Licio, Marina Brito Pinheiro, Marco Antônio Carvalho Natalino, Enid Rocha Andrade da Silva e Aline Diniz Amaral",,,,https://portalantigo.ipea.gov.br/portal/images/stories/PDFs/relatorio_institucional/210506_ri_web.pdf,https://portalantigo.ipea.gov.br/portal/index.php?option=com_content&view=article&id=37949
85,28/04/2021 14:24,Technical Team: Institute For Applied Economic Research (Ipea),,,,https://portalantigo.ipea.gov.br/portal/images/stories/PDFs/relatorio_institucional/210428_ri_web.pdf,https://portalantigo.ipea.gov.br/portal/index.php?option=com_content&view=article&id=37901
86,13/04/2021 14:43,"Globalização, Desglobalização e o Brasil",Autor: Renato Baumann,,Publicação Preliminar - 2021 - Abril,https://portalantigo.ipea.gov.br/portal/images/stories/PDFs/pubpreliminar/210413_publicacao_preliminar_globalizacao_desorganicacao_brasil.pdf,https://portalantigo.ipea.gov.br/portal/index.php?option=com_content&view=article&id=37766
87,23/03/2021 09:37,Mapeamento de 15 Instrumentos de Avaliação dos Investimentos Externos,Autoras: Michelle R. Sanchez-Badin e Ana Maria Morais,,Publicação Preliminar - 2021 - Março,https://portalantigo.ipea.gov.br/portal/images/stories/PDFs/pubpreliminar/210323_mapeamento_de_15_instrumentos_de_avaliacao.pdf,https://portalantigo.ipea.gov.br/portal/index.php?option=com_content&view=article&id=37675
88,02/03/2021 17:46,Remunerações dos servidores civis ativos do Executivo federal (1999-2020),Autor: Felix Lopez e José Teles,,Publicação Preliminar - 2021 - Março,https://portalantigo.ipea.gov.br/portal/images/stories/PDFs/pubpreliminar/210302_remuneracoes_dos_servidores_civis_ativos_do_executivo_federal.pdf,https://portalantigo.ipea.gov.br/portal/index.php?option=com_content&view=article&id=37578
89,25/02/2021 17:26,Transição Energética e Potencial de Cooperação Nos BRICS em Energias Renováveis e Gás Natural,Autores: Luciano Losekann e Amanda Tavares,,Publicação Preliminar - 2021 - Fevereiro,https://portalantigo.ipea.gov.br/portal/images/stories/PDFs/pubpreliminar/210225_transicao_energetica_e_oportunidades_de_cooperacao_no_brics.pdf,https://portalantigo.ipea.gov.br/portal/index.php?option=com_content&view=article&id=37566
90,12/02/2021 18:01,Cor ou Raça do Serviço Civil Ativo do Executivo Federal (1999-2020),Autores: Tatiana Dias Silva e Felix Garcia Lopez,,Publicação Preliminar - 2021 - Fevereiro,https://portalantigo.ipea.gov.br/portal/images/stories/PDFs/pubpreliminar/210212_diest_cor_ou_raca_servidores_civil_ativo_do_executivo_federal.pdf,https://portalantigo.ipea.gov.br/portal/index.php?option=com_content&view=article&id=37508
91,11/01/2021 17:42,Equipe Técnica: Bolívar Pêgo e Paula Moreira,,,,https://portalantigo.ipea.gov.br/portal/images/stories/PDFs/relatorio_institucional/201101_ri_213611.pdf,https://portalantigo.ipea.gov.br/portal/index.php?option=com_content&view=article&id=37355
92,30/12/2020 15:36,"Equipe Técnica: Camila Escudero, Ana Camila Ribeiro, Pedro Andrade e Janine Mello",,,,https://portalantigo.ipea.gov.br/portal/images/stories/PDFs/relatorio_institucional/201230_ri_perfil_organizacoes.pdf,https://portalantigo.ipea.gov.br/portal/index.php?option=com_content&view=article&id=37299
93,08/10/2020 18:42,"Equipe Técnica: Jhonatan do Rosário Ferreira, José Alejandro Sebastian Barrios Díaz, José Eduardo Malta de Sá Brandão, José Romero Pereira Júnior, Priscilla Mayna da Silva Lima Santana e Renato Coelho Baumann das Neves",,,,https://portalantigo.ipea.gov.br/portal/images/stories/PDFs/relatorio_institucional/201008_ri_tossd_web.pdf,https://portalantigo.ipea.gov.br/portal/index.php?option=com_content&view=article&id=36805
94,27/08/2020 10:00,"Daniel Cerqueira (coordenador), Samira Bueno (coordenadora), Paloma Palmieri Alves, Renato Sergio de Lima, Enid R. A. da Silva, Helder Ferreira, Amanda Pimentel, Betina Barros, David Marques, Dennis Pacheco, Gabriel de Oliveira Accioly Lins, Igor dos Reis Lino, Isabela Sobral, Isabel Figueiredo, Juliana Martins, Karolina Chacon Armstrong e Taís da Silva Figueiredo",,,,https://portalantigo.ipea.gov.br/portal/images/stories/PDFs/relatorio_institucional/200826_ri_atlas_da_violencia.pdf,https://portalantigo.ipea.gov.br/portal/index.php?option=com_content&view=article&id=36488
95,22/07/2020 07:05,Equipe Técnica: Instituto de Pesquisa Econômica Aplicada (Ipea),,,,https://portalantigo.ipea.gov.br/portal/images/stories/PDFs/relatorio_institucional/200724_ri_o brasil_pos_covid_19_sumex.pdf,https://portalantigo.ipea.gov.br/portal/index.php?option=com_content&view=article&id=36143
96,22/07/2020 07:00,"Equipe Técnica: Ivan Oliveira, José Eduardo Malta de Sá Brandão, Fernando José da Silva Paiva Ribeiro, Luís Fernando Tironi, Marcelo Nonnenberg, Flavio Lyrio Carneiro, Renato Coelho Baumann das Neves, André Gustavo de Miranda Pineli Alves, Marco Aurélio Alves de Mendonça, Glauco Avelino Sampaio Oliveira, Luis Felipe Giesteira, Pedro Silva Barros, Rodrigo Fracalossi de Moraes, André de Mello e Souza.",,,,https://portalantigo.ipea.gov.br/portal/images/stories/PDFs/relatorio_institucional/200721_ri_insercao_internacional_miolo.pdf,https://portalantigo.ipea.gov.br/portal/index.php?option=com_content&view=article&id=36142
97,17/07/2020 10:51,"Daniel Cerqueira (coordenador), Janine Mello (coordenadora), Paloma Palmieri Alves, Pedro Gomes Andrade, Milena Reis, Ana Camila Ribeiro Pereira, Karolina Chacon Armstrong e Tais da Silva Figueiredo",,,,https://portalantigo.ipea.gov.br/portal/images/stories/PDFs/relatorio_institucional/200717_relatorio_institucional_atlas_da_violencia.pdf,https://portalantigo.ipea.gov.br/portal/index.php?option=com_content&view=article&id=36100
98,07/07/2020 18:42,"Equipe Técnica: Carlos Henrique Leite Corseuil, Katcha Poloponsky e Maira Penna Franca",,,,https://portalantigo.ipea.gov.br/portal/images/stories/PDFs/relatorio_institucional/200707_ri_diagnostico_de_insercao_de_jovens.pdf,https://portalantigo.ipea.gov.br/portal/index.php?option=com_content&view=article&id=35949
99,20/04/2020 11:16,Coordenação: Bolívar Pêgo,,,,https://portalantigo.ipea.gov.br/portal/images/stories/PDFs/relatorio_institucional/200420_ri_web.pdf,https://portalantigo.ipea.gov.br/portal/index.php?option=com_content&view=article&id=35486
100,24/01/2020 15:55,Coordenação: Paulo Augusto Meyer Mattos Nascimento,,,,https://portalantigo.ipea.gov.br/portal/images/stories/PDFs/relatorio_institucional/200124_resumo_ri_196505_conf.int.final.pdf,https://portalantigo.ipea.gov.br/portal/index.php?option=com_content&view=article&id=35291
101,24/01/2020 15:26,Coordenação: Paulo Augusto Meyer Mattos Nascimento,,,,https://portalantigo.ipea.gov.br/portal/images/stories/PDFs/relatorio_institucional/200124_ri_196504_conferencia_internacional.pdf,https://portalantigo.ipea.gov.br/portal/index.php?option=com_content&view=article&id=35290
102,04/12/2019 11:10,Coordenação: Ivan Tiago Machado Oliveira e Fernando Ribeiro,,,,https://portalantigo.ipea.gov.br/portal/images/stories/PDFs/relatorio_institucional/191204_ri_avaliacao_dos_projetos.pdf,https://portalantigo.ipea.gov.br/portal/index.php?option=com_content&view=article&id=35218
103,27/11/2019 10:37,Autores: Fernando Ribeiro e Gerlane Gonçalves de Andrade,,,,https://portalantigo.ipea.gov.br/portal/images/stories/PDFs/relatorio_institucional/191127_relatorio_institucional_assistencia_tarifaria.pdf,https://portalantigo.ipea.gov.br/portal/index.php?option=com_content&view=article&id=35201
104,31/10/2019 16:55,"Autores: Pedro Silva Barros, Claudio Roberto Amitrano, José Eduardo Malta de Sá Brandão e Sofia Escobar Samurio",,,,https://portalantigo.ipea.gov.br/portal/images/stories/PDFs/relatorio_institucional/191031_ri_estatuto_regimento_internto.pdf,https://portalantigo.ipea.gov.br/portal/index.php?option=com_content&view=article&id=35135
105,11/10/2019 17:02,,,,,https://portalantigo.ipea.gov.br/portal/images/stories/PDFs/190830_rel_poder_judic_no_enfren_a_viol_domest_familiar_contra_as_mulheres.pdf,https://portalantigo.ipea.gov.br/portal/index.php?option=com_content&view=article&id=35101
106,09/10/2019 14:47,Autores: Frederico A. Barbosa da Silva e Isabella Cristina Lunelli,,,,https://portalantigo.ipea.gov.br/portal/images/stories/PDFs/relatorio_institucional/191009_ri_subsidio_ao_relatorio_brasil.pdf,https://portalantigo.ipea.gov.br/portal/index.php?option=com_content&view=article&id=35093
107,04/09/2019 17:27,"Autores: Ivan Oliveira, Pedro da Motta Veiga, Sandra Polónia Rios e Fernando Ribeiro",,,,https://portalantigo.ipea.gov.br/portal/images/stories/PDFs/relatorio_institucional/190904_the_political_economy_of_trade_policy_in_brazil.pdf,https://portalantigo.ipea.gov.br/portal/index.php?option=com_content&view=article&id=35017
108,02/08/2019 17:08,"Coordenadores: Daniel Cerqueira, Renato Sergio de Lima, Samira Bueno, Paloma Palmieri Alves, Milena Reis e Otavio Cypriano.Estagiária: Karolina Armstrong",,,,https://portalantigo.ipea.gov.br/portal/images/stories/PDFs/relatorio_institucional/190802_atlas_da_violencia_2019_municipios.pdf,https://portalantigo.ipea.gov.br/portal/index.php?option=com_content&view=article&id=34943
109,05/06/2019 12:00,"Coordenadores: Daniel Cerqueira, Renato Sergio de Lima, Samira Bueno, Cristina Neme, Helder Ferreira, Paloma Palmieri Alves, David Marques, Milena Reis, Otavio Cypriano, Isabela Sobral, Dennis Pacheco e Gabriel Lins. Estagiária: Karolina Armstrong",,,,https://portalantigo.ipea.gov.br/portal/images/stories/PDFs/relatorio_institucional/190605_atlas_da_violencia_2019.pdf,https://portalantigo.ipea.gov.br/portal/index.php?option=com_content&view=article&id=34784
110,29/04/2019 19:10,Autores: Leane Cornet Naidin,,,,https://portalantigo.ipea.gov.br/portal/images/stories/PDFs/relatorio_institucional/190429_politica_antidumping.pdf,https://portalantigo.ipea.gov.br/portal/index.php?option=com_content&view=article&id=34707
111,29/04/2019 19:00,"Autores: Alexandre dos Santos Cunha, Danilo Santa Cruz Coelho, Joana Simões de Melo Costa, Claudia Jakelline Barbosa e Silva, Milena Karla Soares, Olívia Alves Gomes Pessoa, Jessyka Amorim Padilha Goltara, Juan Carlos da Silva Pereira",,,,https://portalantigo.ipea.gov.br/portal/images/stories/PDFs/relatorio_institucional/190429_nova_politica_uruguais.pdf,https://portalantigo.ipea.gov.br/portal/index.php?option=com_content&view=article&id=34706
112,01/04/2019 18:08,Autores: Fabiola Sulpino Vieira e Jhonathan Divino Ferreira dos Santos,,,,https://portalantigo.ipea.gov.br/portal/images/stories/PDFs/relatorio_institucional/190401_gestao_da_informacao.pdf,https://portalantigo.ipea.gov.br/portal/index.php?option=com_content&view=article&id=34654
113,22/03/2019 17:45,"Autores: Ana Karine Pereira, Raphael Amorim Machado, Pedro Luiz Costa Cavalcante, Alexandre de Ávila Gomide, Katherine Bersch, Amanda Gomes Magalhães, Isabella de Araújo Goellner e Roberto Rocha Coelho Pires",,,,https://portalantigo.ipea.gov.br/portal/images/stories/PDFs/relatorio_institucional/190322_qualidade_do_governo.pdf,https://portalantigo.ipea.gov.br/portal/index.php?option=com_content&view=article&id=34634
114,29/01/2019 17:09,Autores: Paulo Roberto Corbucci e Milko Matijascic,,,,https://portalantigo.ipea.gov.br/portal/images/stories/PDFs/relatorio_institucional/190129_pesquisa_de_campo_piaui.pdf,https://portalantigo.ipea.gov.br/portal/index.php?option=com_content&view=article&id=34567
115,18/12/2018 10:13,Autores: Felix Lopez e Erivelton Guedes,Autores: Felix Lopez e Erivelton Guedes,,Atlas do Estado Brasileiro: Uma Análise Multidimensional da Burocracia Pública Brasileira em Duas Décadas (1995-2016),https://portalantigo.ipea.gov.br/portal/images/stories/PDFs/nota_tecnica/181217_atlas_do_estado_brasileiro.pdf,https://portalantigo.ipea.gov.br/portal/index.php?option=com_content&view=article&id=34501
116,30/11/2018 15:24,Autor: Honorio Kume.,,,,https://portalantigo.ipea.gov.br/portal/images/stories/PDFs/relatorio_institucional/181130_barreiras_fitossanitarias_feijao.pdf,https://portalantigo.ipea.gov.br/portal/index.php?option=com_content&view=article&id=34458
117,30/11/2018 14:52,Autor: Uallace Moreira Lima.,,,,https://portalantigo.ipea.gov.br/portal/images/stories/PDFs/relatorio_institucional/181130_barreiras_fitossanitarias_aveia.pdf,https://portalantigo.ipea.gov.br/portal/index.php?option=com_content&view=article&id=34457
118,28/11/2018 10:13,Autora: Krisley Mendes.,,,,https://portalantigo.ipea.gov.br/portal/images/stories/PDFs/relatorio_institucional/181128_relatorio_institucional_rIs_barreiras_nao_tarifarias_cafe.pdf,https://portalantigo.ipea.gov.br/portal/index.php?option=com_content&view=article&id=34445
119,15/06/2018 11:00,"Coordenadores: Daniel Cerqueira, Renato Sergio de Lima, Samira Bueno, Danilo Coelho, Paloma Palmieri Alves. Estágiarios: Milena Reis e Filipe Merian.",,,,https://portalantigo.ipea.gov.br/portal/images/stories/PDFs/relatorio_institucional/180614_atlas_2018_retratos_dos_municipios.pdf,https://portalantigo.ipea.gov.br/portal/index.php?option=com_content&view=article&id=33509
120,05/06/2018 11:00,"Coordenadores: Daniel Cerqueira, Renato Sergio de Lima, Samira Bueno, Cristina Neme, Helder Ferreira, Danilo Coelho, Paloma Palmieri Alves, Marina Pinheiro, Roberta Astolfi e David Marques. Estágiarios: Milena Reis e Filipe Merian.",,,,https://portalantigo.ipea.gov.br/portal/images/stories/PDFs/relatorio_institucional/180604_atlas_da_violencia_2018.pdf,https://portalantigo.ipea.gov.br/portal/index.php?option=com_content&view=article&id=33410
121,15/05/2018 09:09,,,,,https://portalantigo.ipea.gov.br/portal/images/stories/PDFs/relatorio_institucional/180515_relatorio_institucional_a_nova_plataforma_da_vulnerabilidade_social.pdf,https://portalantigo.ipea.gov.br/portal/index.php?option=com_content&view=article&id=33233
122,04/05/2018 17:05,,,,,https://portalantigo.ipea.gov.br/portal/images/stories/PDFs/relatorio_institucional/180504_experiencias_exitosas_em_educacao_publica.pdf,https://portalantigo.ipea.gov.br/portal/index.php?option=com_content&view=article&id=33154
123,26/04/2018 14:52,,,,,https://portalantigo.ipea.gov.br/portal/images/stories/PDFs/relatorio_institucional/180426_RI_metodos_e_conceitos.pdf,https://portalantigo.ipea.gov.br/portal/index.php?option=com_content&view=article&id=33073
124,15/03/2018 19:27,,,,,https://portalantigo.ipea.gov.br/portal/images/stories/PDFs/relatorio_institucional/180315_relatorio_agua_e_saneamento.pdf,https://portalantigo.ipea.gov.br/portal/index.php?option=com_content&view=article&id=32642
125,15/03/2018 19:26,,,,,https://portalantigo.ipea.gov.br/portal/images/stories/PDFs/relatorio_institucional/180315_relatorio_agua_e_saneamento_espanhol.pdf,https://portalantigo.ipea.gov.br/portal/index.php?option=com_content&view=article&id=32641
126,15/03/2018 19:09,,,,,https://portalantigo.ipea.gov.br/portal/images/stories/PDFs/relatorio_institucional/180315_relatorio_agua_e_saneamento_ingles.pdf,https://portalantigo.ipea.gov.br/portal/index.php?option=com_content&view=article&id=32640
127,08/03/2018 14:35,,,,,https://portalantigo.ipea.gov.br/portal/images/stories/PDFs/relatorio_institucional/180308_ODS_erradicacao_da_pobreza.pdf,https://portalantigo.ipea.gov.br/portal/index.php?option=com_content&view=article&id=32558
128,14/12/2017 09:46,,,,,https://portalantigo.ipea.gov.br/portal/images/stories/PDFs/relatorio_institucional/171214_relatorio_institucional_fronteiras_do_brasil_sergipe.pdf,https://portalantigo.ipea.gov.br/portal/index.php?option=com_content&view=article&id=31919
129,14/12/2017 09:43,,,,,https://portalantigo.ipea.gov.br/portal/images/stories/PDFs/relatorio_institucional/171214_relatorio_institucional_fronteiras_do_brasil_rondonia.pdf,https://portalantigo.ipea.gov.br/portal/index.php?option=com_content&view=article&id=31918
130,14/12/2017 09:41,,,,,https://portalantigo.ipea.gov.br/portal/images/stories/PDFs/relatorio_institucional/171214_relatorio_institucional_fronteiras_do_brasil_rj.pdf,https://portalantigo.ipea.gov.br/portal/index.php?option=com_content&view=article&id=31917
131,14/12/2017 09:36,,,,,https://portalantigo.ipea.gov.br/portal/images/stories/PDFs/relatorio_institucional/171214_relatorio_institucional_fronteiras_do_brasil_pr.pdf,https://portalantigo.ipea.gov.br/portal/index.php?option=com_content&view=article&id=31916
132,14/12/2017 09:29,,,,,https://portalantigo.ipea.gov.br/portal/images/stories/PDFs/relatorio_institucional/171214_relatorio_institucional_fronteiras_do_brasil_piaui.pdf,https://portalantigo.ipea.gov.br/portal/index.php?option=com_content&view=article&id=31915
133,14/12/2017 09:29,,,,,https://portalantigo.ipea.gov.br/portal/images/stories/PDFs/relatorio_institucional/171214_relatorio_institucional_fronteiras_do_brasil_paraiba.pdf,https://portalantigo.ipea.gov.br/portal/index.php?option=com_content&view=article&id=31914
134,14/12/2017 09:23,,,,,https://portalantigo.ipea.gov.br/portal/images/stories/PDFs/relatorio_institucional/171214_relatorio_institucional_fronteiras_do_brasil_mato_grosso.pdf,https://portalantigo.ipea.gov.br/portal/index.php?option=com_content&view=article&id=31913
135,14/12/2017 09:15,,,,,https://portalantigo.ipea.gov.br/portal/images/stories/PDFs/relatorio_institucional/171214_relatorio_institucional_fronteiras_do_brasil_goias.pdf,https://portalantigo.ipea.gov.br/portal/index.php?option=com_content&view=article&id=31912
136,14/12/2017 08:47,,,,,https://portalantigo.ipea.gov.br/portal/images/stories/PDFs/relatorio_institucional/171214_relatorio_institucional_fronteiras_do_brasil_alagoas.pdf,https://portalantigo.ipea.gov.br/portal/index.php?option=com_content&view=article&id=31911
137,27/10/2017 17:13,,,,,https://portalantigo.ipea.gov.br/portal/images/stories/PDFs/relatorio_institucional/171027_pacto_nacional_gestao_de_agua.pdf,https://portalantigo.ipea.gov.br/portal/index.php?option=com_content&view=article&id=31443
138,19/10/2017 10:48,,,,,https://portalantigo.ipea.gov.br/portal/images/stories/PDFs/relatorio_institucional/171019_relatorio_institucional_fronteiras_do_brasil.pdf,https://portalantigo.ipea.gov.br/portal/index.php?option=com_content&view=article&id=31340
139,17/07/2017 16:59,"Coordenadores: Daniel Cerqueira, Fabio de Sá e Silva, Renato Sérgio de Lima, Julita Lemgruber e Leonarda Musumeci, Alberto Kopittke, Isabel Figueiredo, José Vicente Tavares dos Santos, Samira Bueno, Arthur Trindade M. Costa, Almir de Oliveira Junior e Helder Ferreira",,,,https://portalantigo.ipea.gov.br/portal/images/20170712_atlas-violencia2.pdf,https://portalantigo.ipea.gov.br/portal/index.php?option=com_content&view=article&id=30509
140,26/06/2017 16:58,"Coordenadores: Daniel Cerqueira, Renato Sergio de Lima Samira Bueno, Luis Iván Valencia, Olaya Hanashiro, Pedro Henrique G. Machado e Adriana dos Santos Lima",,,,https://portalantigo.ipea.gov.br/portal/images/170609_atlas_da_violencia_2017.pdf,https://portalantigo.ipea.gov.br/portal/index.php?option=com_content&view=article&id=30411
