,Data de Criação,Título,Autor,Link do PDF,Nota Técnica
0,05/08/2022 17:09,Risco Regulatório e Estimativa do Impacto Financeiro Potencial do PDL nº 94/2022 nos Investimentos em Infraestrutura,Autora: Katia Rocha,/portal/images/stories/PDFs/nota_tecnica/220805_218772_nt_diset_n99_web.pdf,Nota Técnica - 2022 - Agosto - Número 99 - Diset
1,05/08/2022 17:02,Despesas com Pessoal Ativo na Federação Brasileira (2002 - 2020),Autores: Gabriel Junqueira e Rodrigo Orair,/portal/images/stories/PDFs/nota_tecnica/220805_218759_nt_diest_n58_web.pdf,Nota Técnica - 2022 - Agosto - Número 58 - Diest
2,04/08/2022 15:12,Participação dos Insumos Importados na Produção das Empresas Industriais Brasileiras,Autor: Eduardo Augusto Guimarães,/portal/images/stories/PDFs/nota_tecnica/220804_218206_nt_dinte_n53_web.pdf,Nota Técnica - 2022 - Julho - Número 53 - Dinte
3,26/07/2022 10:19,Consórcios Públicos Interfederativos no Brasil: Descrição das Principais Fontes de Informação e Resultados Preliminares,"Autores: Constantino Cronemberger Mendes, Geová Parente Farias, Igor Ferreira do Nascimento e Ronaldo Ramos Vasconcelos",/portal/images/stories/PDFs/nota_tecnica/220726_218196_nt_dirur_31_web.pdf,Nota técnica - 2022 - Julho - Número 31 - Dirur
4,18/07/2022 17:55,Integraçao Pecuária-Lavoura: Avanços e Principais Desafios,Autora: Júnia Cristina P. R. da Conceição,/portal/images/stories/PDFs/nota_tecnica/220718_218703_nt_dirurn_32_web.pdf,Nota técnica - 2022 - Julho - Número 32 - Dirur
5,05/07/2022 16:58,Atuação das Organizações da Sociedade Civil no Sistema Prisional Brasileiro: Perfil das OSCs e Projetos Desenvolvidos,"Autores (as): Pedro Gomes Andrade, Ana Camila Ribeiro Pereira e Janine Mello",/portal/images/stories/PDFs/nota_tecnica/220705_218542_nt_diest_57_web.pdf,Nota Técnica - 2022 - Julho - Número 57 - Dieste
6,04/07/2022 16:43,Facilitação de Comércio e Tecnologias Digitais: Análise para os Países do BRICS,Autoras: Michelle Márcia Viana Martins e Scarlett Queen Almeida Bispo,/portal/images/stories/PDFs/nota_tecnica/220704_218608_nt_dinte_56_web.pdf,Nota Técnica - 2022 - Julho - Número 56 - Dinte
7,04/07/2022 13:41,O sistema tributário dos países da OCDE e as principais recomendações da entidade: Fornecendo parâmetros para a reforma tributária no Brasil,Autor: Pedro Humberto Bruno de Carvalho Junior,/portal/images/stories/PDFs/nota_tecnica/218208_nt_dinte_54_web_novo.pdf,Nota Técnica - 2022 - Junho - Número 54 - Dinte
8,29/06/2022 08:58,Acessão do Brasil à OCDE: Efeitos Sobre Indicadores Econômicos e o Caminho à Frente,"Autores: Paulo de Andrade Jacinto, Fernando Ribeiro e André Pineli",/portal/images/stories/PDFs/nota_tecnica/220629_nt_dinte_n_55.pdf,Nota Técnica - 2022 - Junho - Número 55 - Dinte
9,27/06/2022 08:28,Metodologia para a Seleção dos Municípios Participantes do Programa Nacional de Enfrentamento de Homicídios e Roubos,"Autores: Danilo Santa Cruz Coelho, Alexandre dos Santos Cunha, Henrique Alves e Erivelton Pires Guedes",/portal/images/stories/PDFs/nota_tecnica/220627_nt_diest_n55.pdf,Nota Técnica - 2021 - Setembro - Número 55- Diest
10,21/06/2022 20:06,O setor de petróleo no Brasil e os impactos do Projeto de Lei n° 3.178/2019 no pré-sal,Autores: José Mauro de Morais e João Maria de Oliveira,/portal/images/stories/PDFs/nota_tecnica/220622_nt_diset_n98_o_setor_de_petroleo.pdf,Nota Técnica - 2022 - Junho - Número 98 - Diset
11,09/06/2022 10:29,"Agriculture and Livestock, Energy and the Forest-Sparing Effect: an International Comparison",,/portal/images/stories/PDFs/nota_tecnica/220609_tn_dirur_n1.pdf,Technical Note - 2022 - June - Number 01 - Dirur
12,09/06/2022 10:19,"Agricultura e Pecuária, Energia e o Efeito Poupa-Florestas: Um Comparativo Internacional",Autor: José Eustáquio Ribeiro Vieira Filho,/portal/images/stories/PDFs/nota_tecnica/220609_218835_nt_dirur30__web_novo.pdf,Nota Técnica - 2022 - Junho - Número 30 - Dirur
13,06/06/2022 17:58,A conta de estabilização de peços de combustíveis e a disponibilidade de recursos à sua estruturação: O projeto de Lei nº 1.472/2021 em discussão,Autor: Camillo de Moraes Bassi,/portal/images/stories/PDFs/nota_tecnica/220606_218549_nt_dides04_web.pdf,Nota Técnica - 2022 - Junho - Número 04 - Dides
14,06/06/2022 14:27,Indicadores de produtividade e sustentabilidade do setor agropecuário brasileiro,Autor: José Eustáquio Ribeiro Vieira Filho,/portal/images/stories/PDFs/nota_tecnica/220606_218402_nt_dirur29_web.pdf,Nota Técnica - 2022 - Junho - Número 29 - Dirur
15,06/06/2022 13:05,Remuneração dos depósitos voluntários e seus efeitos sobre a dívida pública: quando o conceito faz (toda) diferença,Autor: Camillo de Moraes Bassi,/portal/images/stories/PDFs/nota_tecnica/220606_218307_nt_dides05_web.pdf,Nota Técnica - 2022 - Junho - Número 05 - Dides
16,24/05/2022 16:21,Por dentro da caixa preta: Explorando as peculiaridades das emendas parlamentares do Relator-Geral,Autor: Camillo de Moraes Bassi,/portal/images/stories/PDFs/nota_tecnica/220524_218179_nt_dides_%2003_web_novo.pdf,Nota Técnica - 2022 - Maio - Número 03 - Dides
17,24/05/2022 08:00,Reformando o setor elétrico brasileiro: Uma aproximação com os países da OCDE,Autor: Maria Bernadete G. P. Sarmiento Gutierrez,/portal/images/stories/PDFs/nota_tecnica/220523_218555_nt_dirur_28_web.pdf,Nota Técnica - 2022 - Maio - Número 28 - Dirur
18,10/05/2022 17:09,Gasto social com crianças e adolescentes: Descrição metodológica,"Autores (as): Enid Rocha Andrade da Silva, José Aparecido Carlos Ribeiro, Valéria Rezende de Oliveira, Liliana Chopitea Zaconeta, Santiago Falluh Varella e Denise Cristina Correa Rocha",/portal/images/stories/PDFs/nota_tecnica/220510_62_nt_disoc_101_web.pdf,Nota Técnica - 2022 - Maio - Número 101 - Disoc
19,06/05/2022 17:03,"A Nova Rota da Seda e a Projeção Econômica Internacional da China: Redes de Financiamento, Fluxos de Investimento Externo Direto (IED) e Contratos de Construção","Autores (as): Marco Aurélio Alves de Mendonça, Carlos Renato da Fonseca Ungaretti Lopes Filho e Juliana Kelly Barbosa da Silva Oliveira",/portal/images/stories/PDFs/nota_tecnica/220506_217010_nt_dinte_52_web.pdf,Nota Técnica - 2022 - Maio - Número 52 - Dinte
20,20/04/2022 18:05,Normalização Técnica : Dinâmica da economia agrícola da China e de suas províncias e regiões,Autor: João Vitor Borges da Silva,http://repositorio.ipea.gov.br/bitstream/11058/10957/2/NT_51_Dinte_Dinamica_Econom_Agricola.pdf,Nota Técnica - 2022 - Abril - Número 51 - Dinte
21,12/04/2022 10:52,"Author(s): Renato Baumann, Gilberto Libanio, Mário Joplin, Hugo Lasco, Scarlet Queen, Marcelo Nonnenberg, Zhou Mi, Xu Man, Tang Jie, Kou Chunhe and Li Wei.",,http://repositorio.ipea.gov.br/bitstream/11058/11119/1/NT_08_Dinte_ResearchforInvestment.pdf,Technical Note - 2022 - Abril - Number 08- Dinte
22,11/04/2022 14:04,Normalização Técnica : O Modelo Chinês,Autor: Luís Fernando Tironi,http://repositorio.ipea.gov.br/bitstream/11058/10959/2/NT_50_Dinte_NormalizacaoTecnica.pdf,Nota Técnica - 2022 - Abril - Número 50 - Dinte
23,08/04/2022 17:31,Participar em cadeia global  de valor é objetivo de política?,Autor: Renato Baumann,/portal/images/stories/PDFs/nota_tecnica/220408_nt_dinte_47_web.pdf,Nota Técnica - 2022 - Março - Número 47 - Dinte
24,01/04/2022 17:16,"Acessão à OCDE: Experiências recentes e seus efeitos sobre investimento, comércio e crescimento econômico",Autor: Ignácio Tavares de Araújo Júnior,/portal/images/stories/PDFs/nota_tecnica/220401_nt_dinte_49_web.pdf,Nota Técnica - 2022 - Abril - Número 49 - Dinte
25,31/03/2022 17:10,A Dinâmica Rescente do Algodão no Mato Grosso: Possibilidades de Exportação para o Peru e Ásia-Pacífico,"Autores: Pedro Silva Barros, Luciano Wexell Severo, Alexandre Gervásio de Sousa e Helitton Chistoffer Carneiro",/portal/images/stories/PDFs/nota_tecnica/220331_nt_dinte_48_web.pdf,Nota Técnica - 2022 - Março - Número 48 - Dinte
26,31/03/2022 16:05,Impactos fatais da covid-19 nos trabalhadores brasileiros,"Autores: Ernesto Pereira Galindo, Sandro Pereira Silva e Jorge Ubirajara Pedreira Júnior",/portal/images/stories/PDFs/nota_tecnica/220331_nt_dirur_n_27.pdf,Nota Técnica - 2022 - Março - Número 27 - Dirur
27,31/03/2022 10:48,FAB vs Embraer: considerações sobre a revisão do programa KC-390,Autores: Luís Felipe Giesteira e Marcos José Barbieri Ferreira,/portal/images/stories/PDFs/nota_tecnica/220331_nt_dinte_n_46.pdf,Nota Técnica - 2022 - Março - Número 46 - Dinte
28,24/03/2022 10:51,Integração Econômica Bilateral Argentina-Brasil: reconstruindo pontes,"Autores: Pedro Silva Barros, Fernando J. Ribeiro, André Pineli, Luciano Wexell Severo, Corival Alves do Carmo, Julia de Souza Borba Gonçalves e Helitton Christoffer Carneiro",/portal/images/stories/PDFs/nota_tecnica/220324_nt_dinte_n_44.pdf,Nota Técnica - 2022 - Março - Número 44 - Dinte
29,22/03/2022 15:31,China-Brazil Agricultural Trade Research,,/portal/images/stories/PDFs/nota_tecnica/220322_nt_dinte_n_07.pdf,Technical Note - 2022 - March - Number 07 - Dinte
30,21/03/2022 11:21,Precatórios da União: ascensão e comportamento entre os órgãos orçamentários,Autor: Camillo de Moraes Bassi,/portal/images/stories/PDFs/nota_tecnica/220321_nt_dides_n_02.pdf,Nota Técnica - 2022 - Março - Número 02 - Dides
31,15/03/2022 14:36,"Evolução da agricultura chinesa, da fome às reformas de desenvolvimento do setor","Autores(as): Scarlett Queen Almeida Bispo, Michelle Marcia Viana Martins e Alicia Cechin",/portal/images/stories/PDFs/nota_tecnica/220315_nota_tecnica_45.pdf,Nota Técnica - 2022 - Março - Número 45 - Dinte
32,08/03/2022 10:36,Os acordos comerciais do Brasil,Autor: Renato Coelho Baumann das Neves,/portal/images/stories/PDFs/nota_tecnica/220308_nt_dinte_n_41.pdf,Nota Técnica - 2022 - Janeiro - Número 41 - Dinte
33,02/03/2022 17:18,As emendas parlamentares e a apropriação sobre o orçamento público: Uma discussão sobre o falso ou o verdadeiro,Autor: Camillo de Moraes Bassi,/portal/images/stories/PDFs/nota_tecnica/220302_nt_dides_n_01.pdf,Nota Técnica - 2022 - Março - Número 01 - Dides
34,10/02/2022 21:16,"Efeitos Econômicos de Acordos de Livre Comércio Sobre o Brasil: Os Casos da Parceria Econômica Regional Abrangente, do Acordo Abrangente e Progressivo Para a Parceria Transpacífica e do Acordo da Zona de Livre Comércio da África Continental",Autores: Admir Antonio Betarelli Jr e Weslem Rodrigues Faria,/portal/images/stories/PDFs/nota_tecnica/220210_nt_dinte_43.pdf,Nota Técnica - 2022 - Fevereiro - Número 43 - Dinte
35,07/02/2022 19:46,Avaliação dos impactos econômicos de cenários de revisão da união aduaneira do Mercosul,"Autores: Fernando J. Ribeiro, Alicia Cechin e Gerlane Andrade",/portal/images/stories/PDFs/nota_tecnica/220207_nt_dinte_n_40_avaliacao_dos_impactos_economicos.pdf,Nota Técnica - 2022 - Janeiro - Número 40 - Dinte
36,04/02/2022 11:56,Proposta de redação à regulamentação da política nacional de apoio e desenvolvimento das micro e pequenas empresas,"Autores: Mauro Oddo Nogueira, Leonardo Meira Reis, Antonio Everton Chaves Junior e Henrique Reichert",/portal/images/stories/PDFs/nota_tecnica/220204_nt_diset_n_97.pdf,Nota Técnica - 2022 - Fevereiro - Número 97 - Diset
37,31/01/2022 19:00,Avaliação situacional do programa tarifa social de energia elétrica (TSEE) a partir das medidas de enfrentamento da crise socioeconômica decorrente da pandemia de COVID-19,Autores: Edison Benedito da Silva Filho e Guilherme Vampré Homsy,/portal/images/stories/PDFs/nota_tecnica/220131_nt_diset_n_96.pdf,Nota Técnica - 2022 - Janeiro - Número 96 - Diset
38,31/01/2022 18:50,Utilização da infraestrutura dos sistemas de transmissão e distribuição de energia elétrica para transmissão de dados,Autor: Rogério Diogne de Souza e Silva,/portal/images/stories/PDFs/nota_tecnica/220131_nt_diset_n_95.pdf,Nota Técnica - 2022 - Fevereiro - Número 95 - Diset
39,31/01/2022 17:22,"Os mega-acordos regionais contemporâneos (CPTPP, RCEP E AFCFTA): Uma primeira aproximação comparativa aos acordos e suas estruturas regulatórias",Autores: Marina Amaral Egydio de Carvalho e Marcus Maurer de Salles,/portal/images/stories/PDFs/nota_tecnica/220131_nt_dinte_n_42.pdf,Nota Técnica - 2022 - Janeiro - Número 42 - Dinte
40,28/01/2022 14:03,Perfil da população rural na pesquisa de orçamentos familiares (IBGE) de 2017-2018 e a evolução dos dados de insegurança alimentar: uma análise preliminar,Autor: Alexandre Valadares,/portal/images/stories/PDFs/nota_tecnica/220128_nt_disoc_100.pdf,Nota Técnica - 2022 - Janeiro - Número 100 - Disoc
41,17/01/2022 17:40,Matriz de Relacionamentos de Classificações de Produtos e de Atividades Econômicas do Setor Mineral – Metodologia,Autor: Mariano Laio de Oliveira,/portal/images/stories/PDFs/nota_tecnica/220117_nt_metodologia_construcao.pdf,Nota Técnica - 2022 - Janeiro - Número 94 - Diset
42,10/01/2022 12:50,A Dinâmica do emprego setorial no último biênio,"Autores: Carlos Henrique Corseuil, Gabriela Padilha, Lauro Ramos e Felipe Russo",/portal/images/stories/PDFs/nota_tecnica/220110_nt_disoc_dinamica_do_emprego.pdf,Nota Técnica - 2022 - Janeiro - Número 99 - Disoc
43,10/01/2022 12:15,Brazil and the United States: routes for improving a historical economic partnership,Autores: Flavio Lyrio Carneiro e Walter Antonio Desiderá Neto,/portal/images/stories/PDFs/nota_tecnica/220110_tn_dinte_06_brazil_e_usa.pdf,Technical Note - 2022 - January - Número 06 - Dinte
44,10/12/2021 14:13,Por Dentro do Mapa das OSCS: Metodologia da Base de Dados (Versão 2021),Autores: Ana Camila Ribeiro e Pereira Pedro Gomes Andrade,/portal/images/stories/PDFs/nota_tecnica/211012_nt_diest_n_56.pdf,Nota Técnica - 2021 - Dezembro- Número 56- Diest
45,09/12/2021 19:08,Medidas Sanitárias e Comércio Internacional no Contexto das Zoonoses: Análise Preliminar Para o Mercado de Carnes,Autores: Michelle Márcia Viana Martins e Laura Morais Nascimento Silva,/portal/images/stories/PDFs/nota_tecnica/211209_nt_dinte_n39_web.pdf,Nota Técnica - 2021 - Dezembro- Número 39- Dinte
46,09/12/2021 18:23,Economic Impacts Of a Free Trade Agreement Between Mercosur And The US: A General Equilibrium Approach,Autores: Fernando J. Ribeiro e Alicia Cechin,/portal/images/stories/PDFs/nota_tecnica/211209_tn_n_05_web.pdf,Technical Note - 2021 - December - Number 05- Dinte
47,07/12/2021 09:32,Relatório de assistência tarifária efetiva aos setores econômicos no Brasil: estimativas atualizadas para 2018,Autores: Fernando J. Ribeiro e Gerlane G. de Andrade,/portal/images/stories/PDFs/nota_tecnica/211207_nt_dinte_n38.pdf,Nota Técnica - 2021 - Dezembro - Número 38 - Dinte
48,30/11/2021 18:37,Desempenho Produtivo da Indústria Brasileira Durante O Primeiro Trimestre de 2021,Autor: Luiz Dias Bahia,/portal/images/stories/PDFs/nota_tecnica/211130_nt_diset_93.pdf,Nota Técnica - 2021 - Novembro- Número 93- Diset
49,30/11/2021 17:07,Políticas Públicas Para Ciência e Tecnologia no Brasil: Cenário e Evolução Recente,Autor: Fernanda De Negri,/portal/images/stories/PDFs/nota_tecnica/211130_nt_diset_92.pdf,Nota Técnica - 2021 - Novembro- Número 92- Diset
50,23/11/2021 16:48,Dilemas No Uso De Defensivos Agrícolas: Diferenças Nas Práticas E Políticas Ligadas Aos Limites Máximos De Resíduos,Autor: Michelle Márcia Viana Martins,/portal/images/stories/PDFs/nota_tecnica/211123_nt_dinte_37.pdf,Nota Técnica - 2021 - Novembro- Número 37- Dinte
51,17/11/2021 18:18,Mortalidade por Covid-19 e Queda do Emprego no Brasil e no Mundo,Autor: Marcos Hecksher,/portal/images/stories/PDFs/nota_tecnica/211117_disoc_n_98.pdf,Nota Técnica - 2021 - Agosto- Número 98- Disoc
52,12/11/2021 18:11,Brazil And Russia: How To Improve The Economic Relationship Beyond Resource-Based Industries,"Autores: André Pineli, Fernando J. Ribeiro, Flavio Lyrio Carneiro e Mateus de Azevedo Araújo",/portal/images/stories/PDFs/nota_tecnica/211112_dinte_n_4.pdf,Technical Note - 2021 - November - Number 04 - Dinte
53,12/11/2021 18:05,Avaliação Preliminar dos Impactos Sobre a Economia Brasileira do Acordo de Livre Comércio Entre Mercosul e Coreia do Sul: Avaliação com Base em Modelo de Equilíbrio Geral Dinâmico Utilizando o Gtap Versão 10,Autor: Fernando J. Ribeiro,/portal/images/stories/PDFs/nota_tecnica/211112_dinte_n_36.pdf,Nota Técnica - 2021 - Novembro- Número 36- Dinte
54,12/11/2021 17:59,Economic Impacts Of A Free Trade Agreement Between Brazil And Russia: A General Equilibrium Approach,"Autores: Fernando J. Ribeiro, Gerlande Andrade, Alicia Cechin",/portal/images/stories/PDFs/nota_tecnica/211112_nt_dinte_n_3.pdf,Technical Note - 2021 - November- Número 03 - Dinte
55,10/11/2021 17:33,Análise da Nova Estratégia Nacional de Inovação ?,"Autores: Fernanda De Negri, Tulio Chiarini, Priscila Koeller, Graziela Zucoloto, Pedro Miranda, Larissa Pereira, Leonardo Szigethy, André Rauen e Flavio Lobo",/portal/images/stories/PDFs/nota_tecnica/211110_nt_diset_n_91.pdf,Nota Técnica - 2021 - Outubro - Número 91- Diset
56,04/11/2021 19:25,Brazil and India: Peculiar Relationship With Big Potential,"Autores: Renato Baumann, Fernando J. Ribeiro, Flavio Lyrio Carneiro e Mateus de Azevedo Araújo",/portal/images/stories/PDFs/nota_tecnica/211104_nt_dinte_n_02.pdf,Technical Note - 2021 - October - Number 02 - Dinte
57,29/10/2021 16:51,Violência Contra Pessoas Com Deficiência: o Que Dizem os Dados da Saúde Pública?,"Autores: Rute Imanishi Rodrigues, Helder Ferreira, Gabriel de Oliveira Accioly Lins e Paloma Palmieri Alves",/portal/images/stories/PDFs/nota_tecnica/211029_nt_diset_n_54.pdf,Nota Técnica - 2021 - Outubro - Número 54- Diest
58,26/10/2021 19:20,"Gabinetes Ministeriais da Nova República (1985-2020): Cargos, Composição Partidária e Mudança",Autor: Acir Almeida,/portal/images/stories/PDFs/nota_tecnica/211026_nt_diest_n53.pdf,Nota Técnica - 2021 - Outubro - Número 53- Diest
59,26/10/2021 15:55,"Situação Atual e Perspectivas Dos Serviços e Tecnologias Associadas ao 5G Na Europa: Internet Das Coisas (Iot), Indústria 4.0",Autor: Robert Spadinger,/portal/images/stories/PDFs/nota_tecnica/211026_nt_diset_n_90.pdf,Nota Técnica - 2021 - Outubro - Número 90- Diset
60,07/10/2021 14:09,Transparência e Dados Abertos sobre Covid-19 nas capitais brasileiras: características e diagnóstico,Autores: Sivaldo Pereira da Silva e Igor Ferraz da Fonseca,/portal/images/stories/PDFs/nota_tecnica/211007_nt_diest_n52.pdf,Nota Técnica - 2021 - Setembro - Número 52 - Diest
61,29/09/2021 13:59,Assessing the effects of a free trade agreement between Brazil and India: A General Equilibrium Approach,,/portal/images/stories/PDFs/nota_tecnica/210929_technical_note_dinte_n1.pdf,Technical Note - 2021 - September - Number 35- Dinte
62,28/09/2021 15:24,Desempenho do Mercado de Planos de Saúde (2014-2018),"Autores: Carlos Octávio Ocké-Reis, Rodrigo Mendes Leal e Simone de Souza Cardoso",/portal/images/stories/PDFs/nota_tecnica/210927_disoc_n_97.pdf,Nota Técnica - 2021 - Agosto - Número 97- Disoc
63,15/09/2021 15:13,Desempenho produtivo da indústria brasileira durante o ano de 2020,Autor: Luiz Dias Bahia,/portal/images/stories/PDFs/nota_tecnica/210916_nt_diest_n_89.pdf,Nota Técnica - 2021 - Agosto - Número 89 - Diset
64,01/09/2021 15:01,Desempenho produtivo da indústria brasileira durante o terceiro trimestre de 2020,Autor: Luiz Dias Bahia,/portal/images/stories/PDFs/nota_tecnica/210901_nt_diset_n_88.pdf,Nota Técnica - 2021 - Setembro - Número 88 - Diset
65,31/08/2021 18:48,Remunerações e Desigualdades Salariais no Funcionalismo Brasileiro (1985-2018),"Autores: Félix Lopez, Bruno Portes, José Teles, Ulisses Ferreira, Leonardo Silveira, Erivelton Guedes, Pedro Elgaly e Ademar Guedes",/portal/images/stories/PDFs/nota_tecnica/210831_nt_diest_n_51.pdf,Nota Técnica - 2021 - Agosto - Número 51- Diest
66,26/08/2021 18:10,Pandemia e Fronteiras: O Primeiro Ano No Brasil,"Autores: Bolívar Pêgo, Rosa Moura, Caroline Krüger, Gustavo Ferreira, Líria Nagamine e Maria Nunes",/portal/images/stories/PDFs/nota_tecnica/210826_nt_dirur_n_26.pdf,Nota Técnica - 2021 - Agosto - Número 26- Dirur
67,26/08/2021 16:09,Desempenho produtivo da indústria brasileira durante o segundo trimestre de 2020,Autor: Luiz Dias Bahia,/portal/images/stories/PDFs/nota_tecnica/210826_nt_diset_n_87.pdf,Nota Técnica - 2021 - Agosto - Número 87 - Diset
68,24/08/2021 18:48,Elementos Conceituais Para o Catálogo de Políticas Públicas,Autor: Joana Alencar,/portal/images/stories/PDFs/nota_tecnica/210824_nt_diset_n_50.pdf,Nota Técnica - 2021 - Agosto - Número 50- Diest
69,18/08/2021 17:50,A Ponte do Abunã e a Integração da Amacro ao Pacífico,"Autores: Pedro Silva Barros, Luciano Wexell Severo, Cristovão Henrique Ribeiro da Silva e Helitton Christoffer Carneiro",/portal/images/stories/PDFs/nota_tecnica/210818_nt_dinte_n_35.pdf,Nota Técnica - 2021 - Agosto - Número 35- Dinte
70,18/08/2021 11:14,Desempenho econômico-financeiro das operadoras líderes do mercado de planos de saúde (2007-2019),"Autores: Carlos Octávio Ocké-Reis, Norberto Montani Martins e Daniel Chaves Drach",/portal/images/stories/PDFs/nota_tecnica/210818_nt_disoc_n_96.pdf,Nota Técnica - 2021 - Agosto - Número 96 - Disoc
71,06/08/2021 17:17,Análise das Propostas do Plano Beps da OCDE/ G20 Sobre Tributação dos Serviços Digitais e a Atual Situação Internacional,Autor: Pedro Humberto B. Carvalho Junior,/portal/images/stories/PDFs/nota_tecnica/210806_nt_dinte_n_34.pdf,Nota Técnica - 2021 - Agosto - Número 34 - Dinte
72,05/08/2021 15:57,Desempenho Produtivo da Indústria Brasileira Durante o Primeiro Trimestre de 2020,Autor: Luiz Dias Bahia,/portal/images/stories/PDFs/nota_tecnica/210805_nt_diset_n_86.pdf,Nota Técnica - 2021 - Agosto - Número 86 - Diset
73,21/07/2021 16:19,Desempenho Produtivo da Indústria Brasileira Durante o Ano de 2019,Autor: Luiz Dias Bahia,/portal/images/stories/PDFs/nota_tecnica/210721_nt_diset_n_85.pdf,Nota Técnica - 2021 - Julho - Número 85- Diset
74,20/07/2021 13:40,Cor ou raça dos servidores civis ativos do Executivo federal (1999-2020),Autores: Tatiana Dias Silva e Felix Lopez,/portal/images/stories/PDFs/nota_tecnica/210720_nt_diest_n_49.pdf,Nota Técnica - 2021 - Março - Número 49 - Diest
75,15/07/2021 14:50,Inaudíveis: Quem Deixou de Ser Coberto Pelas Pesquisas Telefônicas E Diferenças em Relação aos Registros Administrativos,Autor: Marcos Hecksher,/portal/images/stories/PDFs/nota_tecnica/210715_disco_n_95.pdf,Nota Técnica - 2021 - Junho - Número 95- Disoc
76,01/07/2021 15:25,O Fomento a Tecnologias Alternativas no Transporte Coletivo por Ônibus para Reduzir a Evasão de Usuários E Ampliar a Segurança Energética Nacional,Autor: George Vasconcelos Goes,/portal/images/stories/PDFs/nota_tecnica/210701_nt_diset_n_84.pdf,Nota Técnica - 2021 - Junho- Número 84 - Diset
77,16/06/2021 16:00,COVID-19 e o Impacto das Teleatividades no Transporte Metropolitano e Não Metropolitano,Autor: George Vasconcelos Goes,/portal/images/stories/PDFs/nota_tecnica/210616_nt_n_83_covid_19.pdf,Nota Técnica - 2021 - Junho- Número 83 - Diset
78,14/06/2021 10:35,"Previsão de arrecadação de recursos do Fundo Nacional de Desenvolvimento Científico e Tecnológico (FNDCT) para o período 2021-2024, segundo novas determinações legais",Autores: Priscila Koeller e André Tortato Rauen,/portal/images/stories/PDFs/nota_tecnica/210614_nt_diset_n_82.pdf,Nota Técnica - 2021 - Junho- Número 82- Diset
79,07/06/2021 19:57,Metodologia para Identificação das Transferências Federais Para a Atenção Primária em Saúde: O Caso das Emendas Parlamentares de 2014 a 2018,Autor: Rodrigo Pucci de Sá e Benevides,/portal/images/stories/PDFs/nota_tecnica/210607_nt_disoc_n_94.pdf,Nota Técnica - 2021 - Junho - Número 94- Disoc
80,27/05/2021 21:34,Por uma Agência Nacional de Prevenção e Investigação de Acidentes de Transportes,"Autores: Ana Flávia Silva de Paula, Erivelton Pires Guedes, Paulo César Pêgas Ferreira, Bruno Portes Costa de Castro, Luciana Freitas de Andrade e Luiza de Alencar Dusi",/portal/images/stories/PDFs/nota_tecnica/210527_nt_diset_n_81.pdf,Nota Técnica - 2021 - Maio- Número 81- Diset
81,10/05/2021 11:09,O papel das estruturas territoriais na propagação da Covid-19 na fronteira amazônica,Autora: Maria Nunes,/portal/images/stories/PDFs/nota_tecnica/210510_nota_tecnica_dirur_n_25.pdf,Nota Técnica - 2021 - Maio- Número 25 - Dirur
82,26/04/2021 08:45,As Condições de Acessibilidade Urbana dos Terrenos Vazios da União nos Centros Urbanos,Autores: Rafael H. M. Pereira e Carlos Kauê Vieira Braga,/portal/images/stories/PDFs/nota_tecnica/210426_nt_dirur_n_24.pdf,Nota Técnica - 2021 - Abril- Número 24 - Dirur
83,20/04/2021 14:49,Medidas Legais de Distanciamento Social: Análise Comparada da Primeira e Segunda Ondas da Pandemia da Covid-19 no Brasil,Autor: Rodrigo Fracalossi de Moraes,/portal/images/stories/PDFs/nota_tecnica/210422_nt_33_dinte.pdf,Nota Técnica - 2021 - Abril- Número 33 - Dinte
84,12/04/2021 12:44,"Novo Modelo de Contrato de Mobilidade Urbana: Como Gerar Receita, Aumentar Uso e Reduzir Custos de Transporte Público Urbano","Autores: Breno Zaban, Fabiano Mezadre Pompermayer e Carlos Henrique Ribeiro de Carvalho",/portal/images/stories/PDFs/nota_tecnica/210412_nt_dirur_n_23.pdf,Nota Técnica - 2021 - Abril - Número 23- Dirur
85,12/03/2021 09:32,Remunerações dos servidores civis ativos do Executivo federal (1999-2020),Autores: Félix Lopez e José Teles Mendes,/portal/images/stories/PDFs/nota_tecnica/210312_nt_diest_n_48.pdf,Nota Técnica - 2021 - Março - Número 48 - Diest
86,12/03/2021 09:26,A nova relação entre o Tesouro Nacional (TN) e o Banco Central do Brasil (BCB): Uma discussão sobre as condições que permitiram a transferência da Reserva de Resultado (RR),Autor: Camillo de Moraes Bassi,/portal/images/stories/PDFs/nota_tecnica/210312_nt_disoc_n_93.pdf,Nota Técnica - 2021 - Março - Número 93 - Disoc
87,10/02/2021 10:59,Comportamento do mercado de trabalho brasileiro em duas recessões: análise do período 2015-2017 e da pandemia de Covid-19,"Autores: Carlos Henrique Corseuil, Maíra Franca, Gabriela Padilha, Lauro Ramos e Felipe Russo",/portal/images/stories/PDFs/nota_tecnica/210210_nt_disoc_n_92.pdf,Nota Técnica - 2021 - Fevereiro - Número 92 - Disoc
88,09/02/2021 12:57,Compras Públicas de Inovações Segundo o Texto Final do PL No 4.253/2020,Autor: André Tortato Rauen,/portal/images/stories/PDFs/nota_tecnica/210209_nt_diset_80_compras_publicas.pdf,Nota Técnica - 2021 - Fevereiro - Número 80- Diset
89,01/02/2021 19:01,Oito Meses de Pandemia no Brasil: Medidas Para o Enfrentamento Federativo e Perspectivas Com as Vacinas,"Autores: Bolívar Pêgo, Rosa Moura, Caroline Krüger, Gustavo Ferreira, Líria Nagamine, Maria Nunes e Paula Moreira",/portal/images/stories/PDFs/nota_tecnica/210201_nt_dirur_n_21_sumex.pdf,Nota Técnica - 2021 - Janeiro - Número 21- Dirur
90,29/01/2021 10:00,Pandemia e Fronteiras: Oito Meses em Evolução no Brasil,"Autores: Bolívar Pêgo, Rosa Moura, Caroline Krüger, Gustavo Ferreira, Líria Nagamine, Maria Nunes e Paula Moreira",/portal/images/stories/PDFs/nota_tecnica/210128_nt_dirur_n_22_sumex.pdf,Nota Técnica - 2021 - Janeiro - Número 22- Dirur
91,26/01/2021 15:41,Mobilização da Academia Em Instâncias Colegiadas Durante Crise da Covid-19: Mapeamento das Experiências nos Estados Brasileiros,"Autores: Pedro Lucas de Moura Palotti, Natália Massaco Koga, Bruno Gontyjo do Couto e Maricilene Isaira Baia do Nascimento",/portal/images/stories/PDFs/nota_tecnica/210126_nt_diest_n_47.pdf,Nota Técnica - 2021 - Janeiro - Número 47- Diest
92,26/01/2021 15:36,Dez Anos de Recrutamento na Magistratura Trabalhista Brasileira (2007-2016),"Autores: Fernando de Castro Fontainha, Jaqueline de Jesus Cardoso e Alexandre dos Santos Cunha",/portal/images/stories/PDFs/nota_tecnica/210126_nt_diest_n_42.pdf,Nota Técnica - 2021 - Janeiro - Número 42 - Diest
93,25/01/2021 17:32,Análise dos Dados Preliminares do Comércio Mundial em 2020,Autor: Fernando Ribeiro,/portal/images/stories/PDFs/nota_tecnica/210125_nt_dinte_n_32.pdf,Nota Técnica - 2021 - Janeiro - Número 32- Dinte
94,22/01/2021 11:17,A Segunda Onda da Pandemia (Mas Não do Distanciamento Físico): Covid-19 E Políticas de Distanciamento Social dos Governos Estaduais no Brasil,Autor: Rodrigo Fracalossi de Moraes,/portal/images/stories/PDFs/nota_tecnica/210122_nt_dinte_n_31.pdf,Nota Técnica - 2021 - Janeiro - Número 31- Dinte
95,21/01/2021 14:20,"Filhos""Cuidados"" Pelo Estado: O que nos Informa o Relatório do Ipea Sobre o Reordenamento dos Serviços de Acolhimento de Crianças e Adolescentes","Autores: Elaine Cristina Licio, Marina Brito Pinheiro, Marco Natalino e Enid Rocha",/portal/images/stories/PDFs/nota_tecnica/210121_nt_disoc_n_91.pdf,Nota Técnica - 2021 - Janeiro - Número 91 - Disoc
96,14/01/2021 11:57,China: Importação dos Principais Subsetores do Agronegócio e o Market-Share Brasileiro,Autora: Scarlett Queen Almeida Bispo,/portal/images/stories/PDFs/nota_tecnica/210114_nt_dinte_n26.pdf,Nota Técnica - 2021 - Janeiro - Número 26 - Dinte
97,12/01/2021 19:55,Implementação da Tecnologia 5G no Contexto da Transformação Digital e Indústria 4.0,Autor: Robert Spadinger,/portal/images/stories/PDFs/nota_tecnica/210701_nt_diset_n_79.pdf,Nota Técnica - 2021 - Janeiro - Número 79 - Diset
98,18/12/2020 14:45,Seletividades no 1º Concurso Público Nacional Unificado da Magistratura do Trabalho,Autores: André Gambier Campos e Alexandre dos Santos Cunha,/portal/images/stories/PDFs/nota_tecnica/201218_nt_diest_n_45.pdf,Nota Técnica - 2020 - Dezembro - Número 45 - Diest
99,18/12/2020 14:42,Análise do Modelo de Seleção e Recrutamento do I Concurso Público Nacional Unificado para Ingresso na Carreira da Magistratura do Trabalho,"Autores: Isaac Costa Reis, Luciana Barbosa Musse e Alexandre dos Santos Cunha",/portal/images/stories/PDFs/nota_tecnica/201218_nt_diest_n_44.pdf,Nota Técnica - 2020 - Dezembro - Número 44 - Diest
100,17/12/2020 18:16,"Gana: Economia, Comércio Internacional, Investimentos e Relações com o Brasil","Autores: Fernando Ribeiro, Ana Saggioro Garcia, Caroline Chagas de Assis e Renata Albuquerque Ribeiro",/portal/images/stories/PDFs/nota_tecnica/201217_nt_dinte_n_30.pdf,Nota Técnica - 2020 - Dezembro - Número 30- Dinte
101,17/12/2020 18:10,Intensidade e Estrutura de Medidas Não Tarifárias Sobre as Importações Brasileiras no Triênio 2016-2018,Autores: Krisley Mendes e André Araújo Luchine,/portal/images/stories/PDFs/nota_tecnica/201217_nt_dinte_n_29.pdf,Nota Técnica - 2020 - Dezembro - Número 29- Dinte
102,11/12/2020 18:28,Panorama das Medidas Não Tarifárias do Mercosul e União Europeia: Uma Análise Comparativa,Autores: Michelle Marcia Viana Martins e Heloisa Lee Burnquist,/portal/images/stories/PDFs/nota_tecnica/201211_nr_dinte_28.pdf,Nota Técnica - 2020 - Dezembro - Número 28 - Dinte
103,09/12/2020 10:00,Uma Análise da Produtividade da Indústria Brasileira,"Autor: Mario Jorge Mendonça, Rodrigo M. Pereira e Beatriz Pinna",/portal/images/stories/PDFs/nota_tecnica/201208_nt_dirur_n_19.pdf,Nota Técnica - 2020 - Novembro - Número 19- Dirur
104,08/12/2020 15:21,Instrumentos de Avaliação do Investimento Externo,"Autor: Renato Baumann, Michelle R. Sanchez-Badin e Ana Maria Morais",/portal/images/stories/PDFs/nota_tecnica/201208_nt_dinte_n_27.pdf,Nota Técnica - 2020 - Dezembro - Número 27- Dinte
105,03/12/2020 11:57,Contribuição das conferências das cidade para a construção da política nacional de desenvolvimento urbano,Autor: Cleber Lago do Valle Mello Filho,/portal/images/stories/PDFs/nota_tecnica/201203_nota_tecnica_dirur_20.pdf,Nota Técnica - 2020 - Novembro - Número 20 - Dirur
106,02/12/2020 18:11,"I Concurso Público Nacional Unificado Para Ingresso na Carreira da Magistratura do Trabalho: Notas Sobre Vagas Reservadas, Candidatos com Condições Especiais e Com Isenção de Inscrição",Autor: Tatiana Dias Silva,/portal/images/stories/PDFs/nota_tecnica/201202_diest_n_43.pdf,Nota Técnica - 2020 - Novembro - Número 43 - Diest
107,20/11/2020 15:15,Usinas Heliotérmicas Híbridas: Integração de CSP com Outros Recursos Energéticos,Autor: Rogério Diogne de Souza e Silva,/portal/images/stories/PDFs/nota_tecnica/201120_nt_diset_n_77.pdf,Nota Técnica - 2020 - Novembro - Número 77 - Diset
108,16/11/2020 11:06,Gerando Famílias Artificiais Intraurbanas: Censo 2010,Autor: Bernardo Alves Furtado,/portal/images/stories/PDFs/nota_tecnica/201116_nt_diset_78_web.pdf,Nota Técnica - 2020 - Novembro - Número 78 - Diset
109,10/11/2020 19:58,"Trabalho, População Negra e Pandemia: Notas Sobre os Primeiros Resultados da PNAD Covid-19",Autores: Tatiana Dias Silva e Sandro Pereira Silva,/portal/images/stories/PDFs/nota_tecnica/201110_diest_n_46.pdf,Nota Técnica - 2020 - Novembro - Número 46 - Diest
110,06/11/2020 11:00,Chances de Óbito por Covid-19 Entre Os Trabalhadores Formais: Evidências do Estado do Rio de Janeiro,"Autores: Fernanda De Negri, Rafael. M. Galliez, Pedro Miranda, Priscila Koeller, Graziela Zucoloto, Joana Costa, Claudio. M. de Farias, Guilherme H. Travassos e Roberto de A. Medronho",/portal/images/stories/PDFs/nota_tecnica/201104_nt_diset_n_76.pdf,Nota Técnica - 2020 - Novembro - Número 76 - Diset
111,09/10/2020 00:00,"A Nova Metodologia de Reajuste dos Planos de Saúde Medirá os Custos, os Preços e a Eficiência das Operadoras?","Autores: Eduardo Pedral Sampaio Fiuza, Alexandre Marinho e Carlos Octávio Ocké-Reis",/portal/images/stories/PDFs/nota_tecnica/201007_nt_disoc_n_90.pdf,Nota Técnica - 2020 - Outubro - Número 90 - Disoc
112,22/09/2020 09:00,Impactos Socioeconômicos dos Acidentes de Transporte no Brasil no Período de 2007 a 2018,Autores: Paulo César Pêgas Ferreira,/portal/images/stories/PDFs/nota_tecnica/200911_impactos_socioeconomico.PDF,Nota Técnica - 2020 - Setembro - Número 75 - Diset
113,02/09/2020 19:15,Impactos Redistributivos das Transferências Públicas Monetárias e da Tributação Direta: Evidências Com a POF 2017-2018,,/portal/images/stories/PDFs/nota_tecnica/200902_nt_disoc_n_89.pdf,Nota Técnica - 2020 - Agosto - Número 89- Disoc
114,02/09/2020 10:45,Acesso Domiciliar à Internet e Ensino Remoto Durante a Pandemia,,/portal/images/stories/PDFs/nota_tecnica/200902_nt_disoc_n_88.pdf,Nota Técnica - 2020 - Agosto - Número 88 - Disoc
115,28/08/2020 11:35,Cinco meses de perdas de empregos e simulação de um incentivo a contratações,,/portal/images/stories/PDFs/nota_tecnica/200828_nt_disoc_n_87.pdf,Nota Técnica - 2020 - Agosto - Número 87 - Disoc
116,26/08/2020 15:53,Levantamento das Recomendações Para a Volta às Aulas em Tempos da Covid-19,Autores: Luis Claudio Kubota,/portal/images/stories/PDFs/nota_tecnica/200826_nt_disetn_74.pdf,Nota Técnica - 2020 - Agosto - Número 74 - Diset
117,07/08/2020 18:16,Covid-19 e Medidas de Distanciamento Social no Brasil: Análise Comparativa dos Planos Estaduais de Flexibilização,,/portal/images/stories/PDFs/nota_tecnica/200807_nt_dinte_nº_25_web.pdf,Nota Técnica - 2020 - Agosto - Número 25 - Dinte
118,07/08/2020 13:49,Diálogo com a Organização para a Cooperação e o Desenvolvimento Econômico (OCDE): indicadores de recursos do sistema brasileiro de saúde em tempos de pandemia,,/portal/images/stories/PDFs/nota_tecnica/200607_nt_disoc_n_86.pdf,Nota Técnica - 2020 - Agosto - Número 86 - Disoc
119,06/08/2020 10:51,Inovação Institucional na Coordenação Federativa para o Enfrentamento e Saída do Surto de Covid-19,,/portal/images/stories/PDFs/nota_tecnica/200806_nt_41_diest.pdf,Nota Técnica - 2020 - Julho - Número 41 - Diest
120,04/08/2020 12:21,Relatório de assistência tarifária efetiva aos setores econômicos no Brasil: estimativas atualizadas para 2017,,/portal/images/stories/PDFs/nota_tecnica/200804_nt_dinte_n_24.pdf,Nota Técnica - 2020 - Agosto - Número 24 - Dinte
121,04/08/2020 09:00,Estado e Saneamento: Sugestões de Apoio à População Carente Durante e Após a Pandemia da Covid-19,,/portal/images/stories/PDFs/nota_tecnica/200803_nt_dirur_n_18_web.pdf,Nota Técnica - 2020 - Julho - Número 18 - Dirur
122,01/08/2020 10:00,Aspectos socioeconômicos da COVID-19: o que dizem os dados do Município do Rio de Janeiro?,,/portal/images/stories/PDFs/nota_tecnica/200731_nt_diset_n_72.pdf,Nota Técnica - 2020 - Julho - Número 72 - Diset
123,30/07/2020 16:04,A Covid-19 e As Medidas Legais de Distanciamento dos Governos Estaduais: Análise Comparativa do Período de Março a Julho de 2020,,/portal/images/stories/PDFs/nota_tecnica/200730_nt_dinte_n_23.pdf,Nota Técnica - 2020 - Julho - Número 23 - Dinte
124,28/07/2020 13:17,Impactos da Paralisação Econômica em Decorrência da Covid-19 Sobre o Fundeb,,/portal/images/stories/PDFs/nota_tecnica/200728_nt_disoc_n_85_web.pdf,Nota Técnica - 2020 - Julho - Número 85- Disoc
125,27/07/2020 18:52,Reforma do Setor Brasileiro de Cabotagem: Impactos Sobre a Comparação Internacional,Autores: Rafael Leão e Alexandre Messa,/portal/images/stories/PDFs/nota_tecnica/200727_nt_diset_n_73_web.pdf,Nota Técnica - 2020 - Julho - Número 73 - Diset
126,27/07/2020 08:00,Os Dependentes da Renda dos Idosos e o Coronavírus: Órfãos ou Novos Pobres?,,/portal/images/stories/PDFs/nota_tecnica/200724_nt_disoc_n_81_web.pdf,Nota Técnica - 2020 - Julho - Número 81- Disoc
127,24/07/2020 16:00,Subsídios à Proposta Para Reorientar a Atuação do Fust Durante o Período de Emergência de Saúde Pública Decorrente da Covid-19 (Pl Nº 2.388/2020),,/portal/images/stories/PDFs/nota_tecnica/200724_nt_Disoc_n_84_web.pdf,Nota Técnica - 2020 - Julho - Número 84 - Disoc
128,22/07/2020 17:06,PEC do Pacto Federativo – PEC No 10/2020: Sugestões Sobre Recursos Suplementares à Composição do Orçamento de Guerra,,/portal/images/stories/PDFs/nota_tecnica/200722_nt_disoc_n%C2%BA_82_web.pdf,Nota Técnica - 2020 - Julho - Número 82 - Disoc
129,16/07/2020 16:01,PEC do Pacto Federativo – PEC no 188/2019: Uma Discussão Sobre a Descentralização do Salário-Educação,,/portal/images/stories/PDFs/nota_tecnica/200716_nt_disoc_n_83.pdf,Nota Técnica - 2020 - Julho - Número 83- Disoc
130,15/07/2020 08:00,A Infraestrutura Sanitária e Tecnológica das Escolas e a Retomada das Aulas Em Tempos de Covid-19,,/portal/images/stories/PDFs/nota_tecnica/200715_nt_diset_n_70_web.pdf,Nota Técnica - 2020 - Julho - Número 70- Diset
131,10/07/2020 10:00,"A Covid-19, a Falta de Água nas Favelas e o Direito À Moradia no Brasil",,/portal/images/stories/PDFs/nota_tecnica/200709_nt_diest%20n%C2%BA_39_web.pdf,Nota Técnica - 2020 - Julho - Número 39- Diest
132,08/07/2020 17:36,"Covid-19 no Continente Africano: Impactos, Respostas e Desafios",,/portal/images/stories/PDFs/nota_tecnica/200807_nt_dinte_n_21.pdf,Nota Técnica - 2020 - Junho - Número 21- Dinte
133,08/07/2020 17:23,Vacina Para o Novo Coronavírus: um Caso Clássico de Encomenda Tecnológica,,/portal/images/stories/PDFs/nota_tecnica/200708_nt_n_71_diset.pdf,Nota Técnica - 2020 - Julho- Número 71 - Diset
134,06/07/2020 19:34,Reforma do Sistema Legal de Recuperação de Empresas Brasileiro Para o Enfrentamento da Crise Sistêmica da Covid-19,,/portal/images/stories/PDFs/nota_tecnica/200706_nt_diest_n_40.pdf,Nota Técnica - 2020 - Junho - Número 40- Diest
135,06/07/2020 12:26,O uso de tecnologia da informação para o enfrentamento à pandemia da Covid-19,,/portal/images/stories/PDFs/nota_tecnica/200706_nt_diest_n_38.pdf,Nota Técnica - 2020 - Junho - Número 38 - Diest
136,01/07/2020 10:57,Base Industrial de Defesa Brasileira no Combate à Covid-19,,/portal/images/stories/PDFs/nota_tecnica/200701_nota_tecnica_disoc_n_77_sumex.pdf,Nota Técnica - 2020 - Junho - Número 77 - Disoc
137,30/06/2020 13:01,PEC No 187/2019 – Pec dos Fundos Públicos: uma Estimativa dos Recursos Liberados Mediante a Desvinculação das Fontes,Autor: Camillo de Moraes Bassi,/portal/images/stories/PDFs/nota_tecnica/200630_nt_disoc_nº_79_web.pdf,Nota Técnica - 2020 - Junho - Número 79- Disoc
138,30/06/2020 13:00,O financiamento federal dos serviços socioassistenciais no contexto da Covid-19,,/portal/images/stories/PDFs/nota_tecnica/200630_nota_tecnica_disoc_n_80.pdf,Nota Técnica - 2020 - Junho - Número 80 - Disoc
139,25/06/2020 09:00,"Políticas Públicas e Violência Baseada no Gênero Durante a Pandemia Da Covid-19: Ações Presentes, Ausentes e Recomendadas",,/portal/images/stories/PDFs/nota_tecnica/200624_nt_disoc_78.pdf,Nota Técnica - 2020 - Junho - Número 78- Disoc
140,24/06/2020 18:48,Contextualização do Setor Elétrico Brasileiro e o Planejamento da Infraestrutura no Longo Prazo,,/portal/images/stories/PDFs/nota_tecnica/200624_nt_diset_69.pdf,Nota Técnica - 2020 - Junho - Número 69- Diset
141,19/06/2020 14:37,Revisão do Arranjo das Compras Públicas a Partir de um Contexto de Crise,,/portal/images/stories/PDFs/nota_tecnica/200619_nt_68_diset.pdf,Nota Técnica - 2020 - Junho - Número 68 - Diset
142,19/06/2020 08:42,Projeto de Lei nº 7843 de 2017 que institui regras e instrumentos para a eficiência pública,,/portal/images/stories/PDFs/nota_tecnica/200619_nt_diest_n_37.pdf,Nota Técnica - 2020 - Junho - Número 37 - Diest
143,18/06/2020 11:28,Perfil dos Beneficiários do Abono Salarial no Brasil e Proposta de Ação Emergencial no Contexto do Covid-19,,/portal/images/stories/PDFs/nota_tecnica/200618_nt_disoc_n_76.pdf,Nota Técnica - 2020 - Junho - Número 76 - Disoc
144,12/06/2020 11:00,Estimativa da população em situação de rua no Brasil (setembro de 2012 a março de 2020),,/portal/images/stories/PDFs/nota_tecnica/200612_nt_disoc_n_73.pdf,Nota Técnica - 2020 - Junho - Número 73 - Disoc
145,12/06/2020 09:00,População em Situação de Rua em Tempos de Pandemia: Um Levantamento de Medidas Municipais Emergenciais,"Autores: Tatiana Dias Silva, Marco Natalino e Marina Brito Pinheiro",/portal/images/stories/PDFs/nota_tecnica/200610_nt_74_diset.pdf,Nota Técnica - 2020 - Junho - Número 74 - Diest
146,10/06/2020 11:02,"Covid-19 e medidas legais de distanciamento social: isolamento social, gravidade da epidemia e análise do período de 25 de maio a 7 de junho de 2020 (boletim 5)",Autor: Rodrigo Fracalossi de Moraes,/portal/images/stories/PDFs/nota_tecnica/200610_nt_dinte_n_22.pdf,Nota Técnica - 2020 - Junho - Número 22 - Dinte
147,09/06/2020 18:42,Vulnerabilidades das Trabalhadoras Domésticas no Contexto da Pandemia de Covid-19 No Brasil,"Autores: Luana Pinheiro, Carolina Tokarski e Marcia Vasconcelos",/portal/images/stories/PDFs/nota_tecnica/200609_nt_disoc_n_75.pdf,Nota Técnica - 2020 - Junho - Número 75 - Disoc
148,05/06/2020 11:08,"Os Impactos da Pandemia de Covid-19 nas Organizações da Sociedade Civil: Conjuntura, Desafios e Perspectiva",Autores:Camila Escudero,/portal/images/stories/PDFs/nota_tecnica/200605_nt_diest_67.pdf,Nota Técnica - 2020 - Maio- Número 67- Diest
149,04/06/2020 19:45,Uma Análise da MP no 936/2020 Sobre os Rendimentos dos Trabalhadores e a Renda Domiciliar Per Capita,Autores:Joana Simões de Melo Costa e Mauricio Cortez Reis,/portal/images/stories/PDFs/nota_tecnica/200603_nt_71_disoc.pdf,Nota Técnica - 2020 - Maio- Número 71- Disoc
150,29/05/2020 16:22,Fontes de Dados Para Estudos Sobre a Covid-19,"Autores:André Sampaio Zuvanov, Camila Cardoso Pereira, Carlos Enrique Rodrigues Aragon, Eduardo Monteiro de Castro Gomes, Fernanda Santos Amorim, Gustavo Maia Rodrigues Gomes, Jader Martins Camboim de Sá, Luciano Moura Silva e Welligtton Silva Cavedo",/portal/images/stories/PDFs/nota_tecnica/200529_nt_gabin_10.pdf,Nota Técnica - 2020 - Maio - Número 10- Gabin
151,26/05/2020 15:14,As Transferências Monetárias Federais de Caráter Assistencial em Resposta à Covid-19: Mudanças e Desafios de Implementação,"Autores: Letícia Bartholo, Andrea Barreto de Paiva, Marco Natalino, Elaine Cristina Licio e Marina Brito Pinheiro",/portal/images/stories/PDFs/nota_tecnica/200526_nt_disoc_n_72.pdf,Nota Técnica - 2020 - Maio - Número 72 - Disoc
152,26/05/2020 09:00,"Covid-19 e Medidas Legais de Distanciamento Social: Isolamento Social, Descentralização e Análise do Período de 11 A 24 e Maio de 2020 (Boletim 4)",Autores: Rodrigo Fracalossi de Moraes,/portal/images/stories/PDFs/nota_tecnica/200526_nt_n_20_dinte.pdf,Nota Técnica - 2020 - Maio - Número 20- Dinte
153,22/05/2020 18:18,Proteção de Crianças e Adolescentes no Contexto da Pandemia da Covid-19: Consequências e Medidas Necessárias Para o Enfrentamento,Autores: Enid Rocha Andrade da Silva e Valéria Rezende de Oliveira,/portal/images/stories/PDFs/nota_tecnica/200522_nt_disoc_n_70.pdf,Nota Técnica - 2020 - Maio - Número 70 - Disoc
154,21/05/2020 20:40,Pandemia e Fronteiras Brasileiras: Análise a Evolução da Covid-19 e Proposições,"Autores: Bolívar Pêgo, Rosa Moura, Maria Nunes, Caroline Krüger, Paula Moreira, Gustavo Ferreira e Líria Nagamine",/portal/images/stories/PDFs/nota_tecnica/200521_n_16_dirur_sumex.pdf,Nota Técnica - 2020 - Maio - Número 16- Dirur
155,21/05/2020 20:28,Entrada de Meios Alternativos de Transporte Urbano: Histórico e Perspectivas Futuras,Autores: George Vasconcelos Goes,/portal/images/stories/PDFs/nota_tecnica/200521_n_66_diset.pdf,Nota Técnica - 2020 - Maio - Número 66- Diset
156,21/05/2020 10:21,"A Proposta de Adoção de Fila Única nas Unidades de Terapia Intensiva e nas Demais Internações Hospitalares, Durante A Pandemia de Covid-19 no Brasil: Considerações Teóricas do Campo da Economia da Saúde Sobre as Alternativas Disponíveis",Autores: Alexandre Marinho,/portal/images/stories/PDFs/nota_tecnica/200521_nt_65_diset.pdf,Nota Técnica - 2020 - Maio - Número 65- Diset
157,20/05/2020 11:23,Políticas públicas para pesquisa e inovação frente à crise da Covid-19,,/portal/images/stories/PDFs/nota_tecnica/200520_nota_tecnica_diset_n_64.pdf,Nota Técnica - 2020 - Maio - Número 64 - Diset
158,19/05/2020 17:20,Socorro Governamental às Pequenas Unidades Produtivas Frente à Atual Pandemia,"Autores: Mauro Oddo Nogueira, Sandro Pereira Silva e Sandro Sacchet de Carvalho",/portal/images/stories/PDFs/nota_tecnica/200519_NT_N63_Diset.pdf,Nota Técnica - 2020 - Maio - Número 63 - Diset
159,18/05/2020 10:41,"O Programa de Aquisição de Alimentos (PAA): instrumento de dinamismo econômico, combate à pobreza e promoção da Segurança Alimentar e Nutricional (SAN) em tempos de Covid-19","Autores: Regina Helena Rosa Sambuichi, Ana Flávia Cordeiro S. de Almeida, Gabriela Perin, Paulo Asafe Campos Spínola e Antônio Fernando Costa Pella",/portal/images/stories/PDFs/nota_tecnica/200518_nota_tecnica_dirur_n_17.pdf,Nota Técnica - 2020 - Maio - Número 17 - Dirur
160,14/05/2020 15:41,O Complexo Industrial da Saúde na Pintec 2017,Autores: Rafael Leão e Luis Felipe Giesteira,/portal/images/stories/PDFs/nota_tecnica/200514_nt_diset_n62_web.pdf,Nota Técnica - 2020 - Maio - Número 62 - Diset
161,12/05/2020 16:53,"Covid-19 e Medidas Legais de Distanciamento Social: Descentralização das Políticas, Relação com o Número de Óbitos e Análise do Período de 27 de Abril a 10 de Maio de 2020",Autores: Rodrigo Fracalossi de Moraes,/portal/images/stories/PDFs/nota_tecnica/200513_nt_dinte_n19_covid_19.pdf,Nota Técnica - 2020 - Maio - Número 19 - Dinte
162,08/05/2020 16:07,Agricultura Familiar e Abastecimento Alimentar no Contexto do Covid-19: Uma Abordagem das Ações Públicas Emergenciais,"Autores: Alexandre Arbex Valadares, Fábio Alves, Marcelo Galiza e Sandro Pereira Silva",/portal/images/stories/PDFs/nota_tecnica/200508_nt_disoc_n_69_web.pdf,Nota Técnica - 2020- Abril- Número 69- Disoc
163,07/05/2020 15:27,A propriedade industrial pode limitar o combate à pandemia?,"Autores: Graziela Zucoloto, Pedro Miranda e Patricia Porto",http://www.ipea.gov.br/portal/images/stories/PDFs/nota_tecnica/200507_nt_diset_n_61.pdf,Nota Técnica - 2020- Maio - Número 61- Diset
164,05/05/2020 17:16,Proteção Social aos Mais Vulneráveis em Contexto de Pandemia: Algumas Limitações Práticas de Auxílio Emergencial E a Adequação dos Benefícios Eventuais Como Instrumento Complementar de Política Socioassistencial,Autores: Marco Natalino e Marina Brito Pinheiro,/portal/images/stories/PDFs/nota_tecnica/200505_nt_disoc_n67_web.pdf,Nota Técnica - 2020- Abril - Número 67- Disoc
165,04/05/2020 09:49,Benefícios Emergenciais aos Trabalhadores Informais e Formais no Brasil: Estimativas das Taxas de Cobertura Combinadas da Lei 13.982 e da MP 936,Autores: Marcos D. Hecksher e Miguel N. Foguel,/portal/images/stories/PDFs/nota_tecnica/200504_nt_disoc_n_66.pdf,Nota Técnica - 2020- Abril - Número 66 - Disoc
166,30/04/2020 15:50,A Saúde Pública e o Enfrentamento da Crise Causada Pelo Coronavírus,Autores: Edvaldo Batista de Sá,/portal/images/stories/PDFs/nota_tecnica/200430_nt_disoc_n_68_web.pdf,Nota Técnica - 2020- Abril - Número 68- Disoc
167,30/04/2020 14:26,As Eleições Municipais e a Pandemia de Covid-19: Alternativas de Ação e Possíveis Impactos,Autores: Acir Almeida,/portal/images/stories/PDFs/nota_tecnica/200430_nt_diest%20n_36.pdf,Nota Técnica - 2020- Abril - Número 36- Diest
168,29/04/2020 15:54,Covid-19 e Medidas Legais de Distanciamento Social: Tipologia de Políticas Estaduais e Análise do Período De 13 a 26 de Abril de 2020,Autor: Rodrigo Fracalossi de Moraes,/portal/images/stories/PDFs/nota_tecnica/200429_nt18_covid-19.pdf,Nota Técnica - 2020 - Abril - Número 18- Dinte
169,29/04/2020 15:47,O Crescimento do Uso de Agrotóxicos: uma Análise Descritiva dos Resultados de Censo Agropecuário 2017,"Autor: Alexandre Valadares, Fábio Alves e Marcelo Galiza",/portal/images/stories/PDFs/nota_tecnica/200429_nt_disoc_n65.pdf,Nota Técnica - 2020 - Abril - Número 65- Disoc
170,28/04/2020 10:50,Cenários para o Comércio Exterior Brasileiro (2020-2021): Estimativas dos Impactos da Crise da COVID-19,"Autores: Fernando Ribeiro, Marcelo José Braga Nonnenberg, Flavio Lyrio Carneiro, Marco Aurélio Alves de Mendonça, Mateus de Azevedo Araújo e Gerlane Gonçalves de Andrade",/portal/images/stories/PDFs/nota_tecnica/200428_nt_dinte_17.pdf,Nota Técnica - 2020- Abril - Número 17 - Dinte
171,27/04/2020 14:20,Cuidados Para a População Idosa e Seus Cuidadores: Demandas e Alternativas,Autores: Ana Amélia Camarano,/portal/images/stories/PDFs/nota_tecnica/200427_nt_disoc%20n%2064_web.pdf,Nota Técnica - 2020- Abril - Número 64- Disoc
172,23/04/2020 17:46,Desempenho Produtivo da Indústria Brasileira no Terceiro Trimestre de 2019,Autor: Luiz Dias Bahia,/portal/images/stories/PDFs/nota_tecnica/200423_nt_diset_59_web.pdf,Nota Técnica - 2020 - Abril - Número 59 - Diset
173,23/04/2020 16:13,Apontamentos Sobre a Dimensão Territorial da Pandemia daCovid-19 e os Fatores que Contribuem para Aumentar a Vulnerabilidade Socioespacial nas Unidades de Desenvolvimento Humano de Áreas Metropolitanas Brasileiras,"Autores: Marco Aurélio Costa, Lizandro Lui, Rodrigo Marques dos Santos, Rodrigo Luis Comini Curi, Clayton Gurgel de Albuquerque, Sara Rebello Tavares e Cleandro Krause",/portal/images/stories/PDFs/nota_tecnica/200423_nt_dirur%20n%2015_sumex.pdf,Nota Técnica - 2020- Abril - Número 15- Dirur
174,17/04/2020 19:04,Perfil dos Candidatos Aprovados no Primeiro Concurso Público Nacional Unificado da Magistratura de Trabalho,Autores: Alexandre dos Santos Cunha e André Gambier Campos,/portal/images/stories/PDFs/nota_tecnica/200417_nt_diest%20n%2035_web.pdf,Nota Técnica - 2020 - Abril - Número 35- Diest
175,17/04/2020 18:38,"Equipamentos de Proteção Individual, Higienizantes e Material de Higiene Pessoal: Preços, Regulação e Gestão da Informação em Tempos de Coronavírus","Autores: Luciana Mendes Santos Servo, Mariana de Carvalho Barbosa Ramos, José Roberto Peters, Eduardo Pedral Sampaio Fiuza e Fabiola Sulpino Vieira",/portal/images/stories/PDFs/nota_tecnica/200417_nt_disoc_n%2063_sumex.pdf,Nota Técnica - 2020- Abril - Número 63- Disoc
176,16/04/2020 18:42,Redução Drástica na Inovação e no Investimento Em P&D No Brasil: o que Dizem os Indicadores da Pesquisa de Inovação 2017,"Autor: Fernanda De Negri, Graziela Zucoloto, Pedro Miranda, Priscila Koeller, André Rauen e Leonardo Szigethy",/portal/images/stories/PDFs/nota_tecnica/200416_nt_diset_n%2060.pdf,Nota Técnica - 2020 - Abril - Número 60- Diset
177,13/04/2020 17:46,Medidas Legais de Incentivo ao Distanciamento Social: Comparação das Políticas e Governos Estaduais e Prefeituras das Capitais No Brasil,Autor: Rodrigo Fracalossi de Moraes,/portal/images/stories/PDFs/nota_tecnica/200415_dinte_n_16.pdf,Nota Técnica - 2020 - Abril - Número 16 - Dinte
178,09/04/2020 19:22,Valor Impreciso por Mês Exato: Microdados e Indicadores Mensais Baseados na Pnad Contínua,Autor: Marcos Hecksher,/portal/images/stories/PDFs/nota_tecnica/200409_nota_tecnica_n_62_disoc.pdf,Nota Técnica - 2020 - Abril - Número 62 - Disoc
179,09/04/2020 17:44,Panorama dos Recursos Federais Mobilizados à Inovação Empresarial no Brasil,Autor: André Tortato Rauen,/portal/images/stories/PDFs/nota_tecnica/200409_nota_tenica_diset_%20n_58.pdf,Nota Técnica - 2020 - Abril - Número 58 - Diset
180,09/04/2020 14:21,Gasto Federal com Vigilância em Saúde na Última Década e Necessidade de Reforço do Orçamento do Ministério da Saúde para Enfrentamento à Pandemia pelo Coronavírus,Autor: Fabiola Sulpino Vieira e Rodrigo Pucci de Sá e Benevides,/portal/images/stories/PDFs/nota_tecnica/200408_nota_tecnica_disoc_61.pdf,Nota Técnica - 2020 - Abril - Número 61 - Disoc
181,09/04/2020 10:19,Relações Executivo-Legislativo e Governabilidade à Luz da Crise Da Covid-19,Autor: Acir Almeida,/portal/images/stories/PDFs/nota_tecnica/200409_nota_tenica_diest_n_34.pdf,Nota Técnica - 2020 - Abril - Número 34 - Diest
182,08/04/2020 18:50,Desempenho Produtivo da Indústria Brasileira no Primeiro Semestre de 2019,Autor: Luiz Dias Bahia,/portal/images/stories/PDFs/nota_tecnica/200408_nota_tecnica_57_Diset.pdf,Nota Técnica - 2020 - Abril - Número 57- Diset
183,08/04/2020 15:40,Mobilidade Urbana e o Acesso ao Sistema Único de Saúde Para Casos Suspeitos e Graves de Covid-19 nas Vinte Maiores Cidades do Brasil,"Autor: Rafael H. M. Pereira, Carlos Kauê Vieira Braga, Luciana Mendes Servo, Bernardo Serra, Pedro Amaral e Nelson Gouveia",/portal/images/stories/PDFs/nota_tecnica/200408_nota_tecnica_14_dirur.pdf,Nota Técnica - 2020 - Abril - Número 14 - Dirur
184,08/04/2020 11:16,Os Efeitos Sobre Grupos Sociais e Territórios Vulnerabilizados das Medidas de Enfrentamento à Crise Sanitária da Covid-19: Propostas para o Aperfeiçoamento da Ação Pública,Autor: Roberto Rocha C. Pires,/portal/images/stories/PDFs/nota_tecnica/200408_nota_tenica_diest.pdf,Nota Técnica - 2020 - Abril - Número 33 - Diest
185,03/04/2020 18:52,Instrumentos de Políticas Públicas para o Enfrentamento do Vírus da Covid-19: Uma Análise dos Normativos Produzidos pelo Executivo Federal,"Autor: Natália Massaco Koga, Pedro Lucas de Moura Palotti, Isabella de Araujo Goellner e Bruno Gontyjo do Couto",/portal/images/stories/PDFs/nota_tecnica/200403_nota_tecnica_diest_31.pdf,Nota Técnica - 2020 - Abril- Número 31 - Diest
186,03/04/2020 17:34,Mapeamento dos Profissionais de Saúde no Brasil: Alguns Apontamentos em Vista da Crise Sanitária da Covid-19,"Autor: Felix Garcia Lopez, Pedro Lucas De Moura Palotti, Sheila Cristina Tolentino Barbosa e Natália Massaco Koga",/portal/images/stories/PDFs/nota_tecnica/200403_nota_tecnica_diest_30.pdf,Nota Técnica - 2020 - Abril - Número 30 - Diest
187,03/04/2020 16:22,"Prevenindo Conflitos Sociais Violentos em Tempos de Pandemia: Garantia da Renda, Manutenção da Saúde Mental e Comunicação Efetiva",Autor: Rodrigo Fracalossi de Moraes,/portal/images/stories/PDFs/nota_tecnica/200403_nt_diest_n_27.pdf,Nota Técnica - 2020 - Abril - Número 27 - Diest
188,03/04/2020 16:08,"A Crise Do Covid-19, Regras Orçamentárias e suas Interpretações: Mudanças Necessárias?",Autor: Leandro Freitas Couto,/portal/images/stories/PDFs/nota_tecnica/200403_nt28_a_crise_covid.pdf,Nota Técnica - 2020 - Abril - Número 28 - Diest
189,03/04/2020 15:10,Estratégias de Coordenação Governamental na Crise da Covid-19,"Autor: Flávia Schmidt, Janine Mello e Pedro Cavalcante",/portal/images/stories/PDFs/nota_tecnica/200403_nota_tecnica_diest_32.pdf,Nota Técnica - 2020 - Abril - Número 32 - Diest
190,03/04/2020 13:37,Transparência Governamental e a Questão Do Covid-19: Uma Análise da Suspensão dos Prazos de Resposta a Pedidos por Meio da Lei de Acesso À Informação (Lai),"Autor: Igor Ferraz da Fonseca, João Cláudio Pompeu, Daniel Pitangueira de Avelino e Sivaldo Pereira Da Silva",/portal/images/stories/PDFs/nota_tecnica/200403_nota_tecnica_diest_29.pdf,Nota Técnica - 2020 - Abril - Número 29 - Diest
191,01/04/2020 16:12,Estimativas de Público Elegível e Custos do Benefício Emergencial Criado Pelo PL 9.236/2017,"Autor: Pedro H. G. Ferreira de Souza, Sergei Soares, Luís Henrique Paiva e Leticia Bartholo",/portal/images/stories/PDFs/nota_tecnica/200403_nota_tecnica_disoc_60.pdf,Nota Técnica - 2020 - Março - Número 60- Disoc
192,27/03/2020 14:16,Evitando a Pandemia da Pobreza: Possibilidades para o Programa Bolsa Família e para o Cadastro Único em Resposta à Covid-19,"Autor: Luís Henrique Paiva, Pedro H. G. Ferreira de Souza, Letícia Bartholo e Sergei Soares",/portal/images/stories/PDFs/nota_tecnica/209445_NT_Disoc_n_59_web.pdf,Nota Técnica - 2020 - Março - Número 59- Disoc
193,19/03/2020 14:38,Fundos de desenvolvimento e o programa de financiamento estudantil (P-FIES): nota sobre a obstrução do canal de crédito,Autor: Camillo de Moraes Bassi,/portal/images/stories/PDFs/nota_tecnica/200319_nota_tecnica_58.pdf,Nota Técnica - 2020 - Março - Número 58- Disoc
194,08/01/2020 15:08,Investimentos Federais em Pesquisa e Desenvolvimento: Estimativas para o Período 2000-2020,Autora: Priscila Koeller,/portal/images/stories/PDFs/nota_tecnica/202189_nt_investimento%20federais.pdf,Nota Técnica - 2020 - Janeiro - Número 56 - Diset
195,27/12/2019 15:23,Desafios da Sociedade no Horizon 2020,,/portal/images/stories/PDFs/nota_tecnica/191227_nt_55_diset.pdf,Nota Técnica - 2019 - Dezembro - Número 55 - Diset
196,29/11/2019 15:30,Benefícios fiscais do imposto sobre a renda da pessoa física e seus impactos,"Autores: Fernando Gaiger Silveira, Rodrigo Cardoso Fernandes e Luana Passos",/portal/images/stories/PDFs/nota_tecnica/191129_nt_57_disoc.pdf,Nota Técnica - 2019 - Novembro - Número 57 - Disoc
197,22/11/2019 13:53,O Peso do Passado no Futuro do Trabalho: A Transmissão Intergeracional de Letramento,,/portal/images/stories/PDFs/nota_tecnica/191122_nt_54_diset.pdf,Nota Técnica - 2019 - Novembro - Número 54 - Diset
198,05/11/2019 13:44,Atualização do Mapeamento das Encomendas Tecnológicas no Brasil,,/portal/images/stories/PDFs/nota_tecnica/191105_nt_53_diset.pdf,Nota Técnica - 2019 - Novembro - Número 53 - Diset
199,31/10/2019 16:41,Por dentro do Mapa das OSCS: Metodologia da Base de Dados (Versão 2019),,/portal/images/stories/PDFs/nota_tecnica/191031_nt_26_diest.pdf,Nota Técnica - 2019 - Novembro - Número 26 - Diest
200,26/09/2019 09:02,Desempenho Produtivo da Indústria Brasileira em 2018,,/portal/images/stories/PDFs/nota_tecnica/190926_nt_51_diset.pdf,Nota Técnica - 2019 - Setembro - Número 51 - Diset
201,24/09/2019 18:17,Desempenho Produtivo da Indústria Brasileira no Primeiro Trimestre de 2019,,/portal/images/stories/PDFs/nota_tecnica/190924_NT_52_Diset.pdf,Nota Técnica - 2019 - Setembro - Número 52 - Diset
202,05/09/2019 16:46,Da Relevância do Fundo de Participação de Munícipios no Âmbito Metropolitano,,/portal/images/stories/PDFs/nota_tecnica/190905_NT_50_Diset.pdf,Nota Técnica - 2019 - Setembro - Número 50 - Diset
203,03/09/2019 13:30,Recomendações de Alteração no Texto do Substitutivo ao Projeto de Lei n°1.292/1995,Autores: Eduardo P. S. Fiuza e André Rauen,/portal/images/stories/PDFs/nota_tecnica/190903_nt_49_diset.pdf,Nota Técnica - 2019 - Agosto - Número 49 - Diset
204,28/08/2019 12:30,"O Declínio do Investimento Público em Ciência e Tecnologia: Uma Análise do Orçamento do Ministério da Ciência, Tecnologia, Inovações e Comunicações Até o Primeiro Semestre de 2019",,/portal/images/stories/PDFs/nota_tecnica/190828_NT_48_Diset.pdf,Nota Técnica - 2019 - Agosto - Número 48 - Diset
205,26/08/2019 17:07,"Receitas Vinculadas e Despesas Obrigatórias: Explorando Conceitos, Métodos de Atuação e Determinantes à Rigidez Orçamentária",,/portal/images/stories/PDFs/nota_tecnica/190826_NT_56_Disoc.pdf,Nota Técnica - 2019 - Agosto - Número 56 - Disoc
206,16/08/2019 18:13,Diferenças Metodológicas Entre Mapa das OSCs/Ipea e FASFIL/IBGE: Pontos Sobre as Principais Referências de Estudos Sobre as Organizações da Sociedade Civil no País,,/portal/images/stories/PDFs/nota_tecnica/190816_NT_25_Diest.pdf,Nota Técnica - 2019 - Agosto - Número 25 - Diest
207,02/08/2019 09:23,"Política Pública, Regulamentação e Norma Técnica Inserção Internacional",Autor: Luís F. Tironi,/portal/images/stories/PDFs/nota_tecnica/190802_dinte_nota_tecnica_n15_politica_publica.pdf,Nota Técnica - 2019 - Agosto - Número 15 - Dinte
208,12/07/2019 16:30,Seguro-Desemprego ao Redor do Mundo: Uma Visão Geral,,/portal/images/stories/PDFs/nota_tecnica/190712_NT_55_Disoc.pdf,Nota Técnica - 2019 - Julho - Número 55 - Disoc
209,10/06/2019 18:09,Inflação dos Planos De Saúde - 2000-2018,,/portal/images/stories/PDFs/nota_tecnica/190610_NT_54_Disoc.pdf,Nota Técnica - 2019 - Maio - Número 54 - Disoc
210,25/03/2019 13:32,A Retomada da Agenda Perdida das Compras Públicas: Notas Sobre o Novo Projeto de Lei de Licitações da Câmara dos Deputados em 2018-2019,,/portal/images/stories/PDFs/nota_tecnica/190322_nt_47_diset.pdf,Nota Técnica - 2019 - Março - Número 47 - Diset
211,08/03/2019 11:37,Reforma da Previdência: Contas Nocionais,,/portal/images/stories/PDFs/nota_tecnica/190307_NT_53_Disoc.pdf,Nota Técnica - 2019 - Março - Número 53 - Disoc
212,07/03/2019 12:22,DRU: Uma Estimativa da Capacidade de Flexibilização Baseada no Orçamento da Seguridade Social,,/portal/images/stories/PDFs/nota_tecnica/190206_NT_52_Disoc.pdf,Nota Técnica - 2019 - Fevereiro - Número 52 - Disoc
213,14/02/2019 10:03,O Programa de Desenvolvimento de Submarinos como Programa de Estado,,/portal/images/stories/PDFs/nota_tecnica/181226_NT_45_Diset.pdf,Nota Técnica - 2019 - Janeiro - Número 45 - Diset
214,11/02/2019 13:12,Desempenho Produtivo da Indústria Brasileira no Terceiro Trimestre de 2018,,/portal/images/stories/PDFs/nota_tecnica/190201_NT_46_Diset.pdf,Nota Técnica - 2019 - Fevereiro - Número 46 - Diset
215,25/01/2019 14:37,Desempenho Produtivo da Indústria Brasileira no Primeiro Semestre de 2018,Autor: Luiz Dias Bahia,/portal/images/stories/PDFs/nota_tecnica/190124_nt_44_diset.pdf,Nota Técnica - 2019 - Janeiro - Número 44 - Diset
216,08/01/2019 07:45,O desempenho dos BRICS no Global Innovation Index 2018,Autor: Luis Claudio Kubota,/portal/images/stories/PDFs/nota_tecnica/181228_dinte_nota_tecnica_brics_giiI_2018.pdf,Nota Técnica - 2018 - Dezembro - Número 14 - Dinte
217,20/12/2018 18:26,Judicialização de Pedidos de Benefício de Prestação Continuada e Aposentadoria Rural - TRF-1,,/portal/images/stories/PDFs/nota_tecnica/181220_NT_9_Astec.pdf,
218,19/12/2018 15:35,Judicialização dos Pedidos de Benefício de Prestação Continuada e Aposentadoria Rural - Justiça Federal da 2ª Região,,/portal/images/stories/PDFs/nota_tecnica/181218_NT_8_Astec.pdf,
219,07/12/2018 12:29,Breve análise da nova projeção da população do IBGE e seus impactos previdenciários,"Autores: Rogério Nagamine Costanzi, Alexandre Zioli Fernandes, Carolina Fernandes dos Santos e Otavio Jose Guerci Sidone",/portal/images/stories/PDFs/nota_tecnica/1801207_nt_51_disoc_breve_analise_nova_projecao_populacao_ibge_impactos_previdenciarios.pdf,Nota Técnica - 2018 - Dezembro - Número 51 - Disoc
220,13/11/2018 14:07,Relatório de assistência setorial: custos e benefícios da proteção tarifária no Brasil,"Autores: Ivan Oliveira, Fernando Ribeiro, Fernando Salgueiro Perobelli, Admir Antonio Betarelli Junior, Weslem Rodrigues Faria, Vinicius de Almeida Vale, Gerlane G. de Andrade e Marcella Marinho",/portal/images/stories/PDFs/nota_tecnica/181109_nt_13_dinte.pdf,Nota Técnica - 2018 - Novembro - Número 13 - Dinte
221,13/11/2018 11:52,LOCALIZAÇÃO DE EMPREGOS FORMAIS E TRANSPORTE PÚBLICO DE MASSA,,/portal/images/stories/PDFs/nota_tecnica/181107_NT_13_Dirur.pdf,Nota Técnica - 2018 - Outubro - Número 13 - Dirur
222,13/08/2018 13:30,Potencial Redistributivo dos Fatores de Ponderação: O FUNDEB Diante da Demanda dos Municípios,Autor: Camillo de Moraes Bassi,/portal/images/stories/PDFs/nota_tecnica/180806_nt_50_disoc_potencial_redistributivo.pdf,Nota Técnica - 2018 - Julho - Número 50 - Disoc
223,07/08/2018 10:09,Governança Pública: Construção de Capacidades para a Efetividade da Ação Governamental,Autores: Pedro Cavalcante e Roberto Pires,/portal/images/stories/PDFs/nota_tecnica/180806_nt_diest_24_governanca_publica_construcao_de_capacidades.pdf,Nota Técnica - 2018 - Julho - Número 24 - Diest
224,10/07/2018 14:59,Desempenho Produtivo da Indústria Brasileira no Primeiro Trimestre de 2018,,/portal/images/stories/PDFs/nota_tecnica/180710_nt_diset_desempenho_produtivo_da_industria_brasileira.pdf,Nota Técnica - 2018 - Julho - Número 43 - Diset
225,22/06/2018 15:09,Previdência: Tendências Internacionais das Reformas,,/portal/images/stories/PDFs/nota_tecnica/180621_nt_49_previdencia_tendencias_internacionais_da_reforma.pdf,Nota Técnica - 2018 - Junho - Número 49 - Disoc
226,08/06/2018 18:38,Projeto de Lei Complementar nº 229/2009: a nova Lei de Finanças Públicas,,/portal/images/stories/PDFs/nota_tecnica/180608_NT_23_Diest.pdf,Nota Técnica - 2018 - Abril - Número 23 - Diest
227,11/05/2018 18:24,Regras Técnicas da Seleção das Empresas do Programa Brasil Mais Produtivo no Segundo Semestre de 2018 e no Primeiro Semestre de 2019,,/portal/images/stories/PDFs/nota_tecnica/180511_NT_7_Astec.pdf,Nota Técnica - 2018 - Maio - Número 7 - Presidência - Regras Técnicas da Seleção das Empresas do Programa Brasil Mais Produtivo no Segundo Semestre de 2018 e no Primeiro Semestre de 2019
228,25/04/2018 13:41,Projeto de Lei nº 6.621/2016 – a proposta de Lei das Agências Reguladoras,,/portal/images/stories/PDFs/nota_tecnica/180424_NT_22_Diest.pdf,Nota Técnica - 2018 - Abril - Número 22 - Diest
229,11/04/2018 18:29,Descrição do Gasto Tributário em Saúde - 2003 a 2015,,/portal/images/stories/PDFs/nota_tecnica/180326_NT_48_Disoc.pdf,Nota Técnica - 2018 - Abril - Número 48 - Disoc
230,02/04/2018 11:42,Evolução Produtiva da Indústria Brasileira em 2017,,/portal/images/stories/PDFs/nota_tecnica/180402_NT_42_Diset.pdf,Nota Técnica - 2018 - Abril - Número 42 - Diset
231,29/03/2018 10:00,O aumento das tarifas norte-americanas de importações de aço e alumínio e seus impactos sobre o Brasil e o mundo,,/portal/images/stories/PDFs/nota_tecnica/180328_nt_12_dinte.pdf,Nota Técnica - 2018 - março - Número 12 - Dinte
232,02/03/2018 15:57,Encomendas tecnológicas no Brasil: Novas possibilidades legais,,/portal/images/stories/PDFs/nota_tecnica/180302_NT_41_diset_encomendas_tecnologicas.pdf,Nota Técnica - 2018 - março - Número 41 - Diset
233,07/02/2018 17:00,Transporte semiurbano interestadual de passageiros,,/portal/images/stories/PDFs/nota_tecnica/180207_nt_dirur_12.pdf,Nota Técnica - 2018 - fevereiro - Número 12 - Dirur
234,01/02/2018 15:54,O público e o privado no sistema de saúde: Uma apreciação do projeto de Plano de Saúde Acessível,,/portal/images/stories/PDFs/nota_tecnica/180201_nt_47_disoc.pdf,Nota Técnica - 2018 - janeiro - Número 47 - Disoc
235,11/01/2018 11:00,As transferências de recursos do Fundo Nacional de Saúde para os fundos estaduais e municipais de saúde em 2016,,/portal/images/stories/PDFs/nota_tecnica/180111_NT_46_Disoc.pdf,Nota Técnica - 2018 - janeiro - Número 46 - Disoc
236,08/01/2018 14:47,Avaliação da necessidade e da localização de centros de distribuição para medicamentos do Ministério da Saúde,,/portal/images/stories/PDFs/nota_tecnica/180105_nt_diset_40.pdf,Nota Técnica - 2017 - dezembro - Número 40 - Diset
237,11/12/2017 11:00,Os Efeitos do Envelhecimento na Previdência Social Brasileira e as Aposentadorias Precoces,,/portal/images/stories/PDFs/nota_tecnica/171206_NT_45_disoc.pdf,Nota Técnica - 2017 - dezembro - Número 45 - Disoc
238,06/12/2017 14:18,Desempenho Produtivo da Indústria Brasileira no Terceiro Trimestre de 2017,,/portal/images/stories/PDFs/nota_tecnica/171206_nt_39_diset.pdf,Nota Técnica - 2017 - dezembro - Número 39 - Diset
239,23/11/2017 15:28,Fundeb e VAA Mínimo Nacional: Critérios Alternativos e Reflexos Sobre a Complementação da União,,/portal/images/stories/PDFs/nota_tecnica/171123_nt_44_disoc.pdf,Nota Técnica - 2017 - novembro - Número 44 - Disoc
240,23/11/2017 14:41,Nova Arquitetura de Dados da Astec,,/portal/images/stories/PDFs/nota_tecnica/171123_nt_astec_6.pdf,Nota Técnica - 2017 - novembro - Número 6 - Presidência
241,21/11/2017 07:45,Perfil dos Contribuintes para Previdência Privada,,/portal/images/stories/PDFs/nota_tecnica/171120_nt_disoc_43.pdf,Nota Técnica - 2017 - novembro - Número 43 - Disoc
242,09/10/2017 15:55,Desempenho produtivo da indústria brasileira no primeiro semestre de 2017,,/portal/images/stories/PDFs/nota_tecnica/171009_NT38_diset.pdf,Nota Técnica - 2017 - outubro - Número 38 - Diset
243,18/08/2017 17:22,Método para complementação dos grupos familiares do BPC com informações do Cadastro Único,,/portal/images/stories/PDFs/nota_tecnica/170818_nt_astec_5.pdf,Nota Técnica - 2017 - agosto - Número 5 - Presidência
244,03/08/2017 15:17,A economia dos Jogos Rio 2016: bastidores e primeiros impactos,,/portal/images/stories/PDFs/nota_tecnica/170731_nt_diset_37.pdf,Nota Técnica - 2017 - julho - Número 37 - Diset
245,14/07/2017 11:33,Previdência rural entre dúvidas e certezas: o que é possível dizer sobre a expectativa de sobrevida dos segurados especiais?,,/portal/images/stories/PDFs/nota_tecnica/20170714_notatecnica-disoc-n42.pdf,Nota Técnica - 2017 - julho - Número 42 - Disoc
246,12/07/2017 17:29,Comportamento produtivo setorial da indústria brasileira no primeiro trimestre de 2017,,/portal/images/stories/PDFs/nota_tecnica/20170712_nt36-diset.pdf,Nota Técnica - 2017 - Julho - Número 36 - Diset
247,30/06/2017 13:12,"O que Muda com a Reforma do Ensino Médio - Conhecendo suas alterações, o debate e as lacunas",,/portal/images/stories/PDFs/nota_tecnica/170630_nt_41_disoc.pdf,Nota Técnica - 2017 - Junho - Número 41 - Disoc
248,30/06/2017 11:51,Reformas nos Regimes de Previdência de Servidores Públicos Civis na OCDE e os Efeitos do Teto do INSS nos Regimes dos Servidores no Brasil,,/portal/images/stories/PDFs/nota_tecnica/170630_nt40_disoc.pdf,Nota Técnica - 2017 - Junho - Número 40 - Disoc
249,17/05/2017 13:54,Comportamento Produtivo Setorial da Indústria Brasileira em 2016,,/portal/images/stories/PDFs/nota_tecnica/170517_nt_diset_35.pdf,Nota Técnica - 2017 - maio - Número 35 - Diset
250,02/05/2017 12:36,Reforma da Previdência e Mercado de Trabalho,,/portal/images/stories/PDFs/nota_tecnica/170502_nt39_disoc__reformadaprevidenciaemercadodetrabalho.pdf,Nota Técnica - 2017 - maio - Número 39 - Disoc
251,18/04/2017 12:27,Perfil das Comunidades Terapêuticas Brasileiras,,/portal/images/stories/PDFs/nota_tecnica/20170418_nt21.pdf,Nota Técnica - 2017 - março - Número 21 - Diest
252,17/04/2017 18:37,Idade mínima para a aposentadoria rural – a proposta da PEC é adequada?,,/portal/images/stories/PDFs/nota_tecnica/170417_nt38_disoc_idade_minima_para_aposentadoria_rural.pdf,Nota Técnica - 2017 - abril - Número 38 - Disoc
253,27/03/2017 17:29,Análise da Focalização do Microempreendedor Individual (MEI): Notas preliminares a partir do suplemento especial da Pnad 2014,,/portal/images/stories/PDFs/nota_tecnica/20170321_nt37_focalizacao-mei.pdf,Nota Técnica - 2017 - março - Número 37 - Disoc
254,23/03/2017 15:53,Núcleos de Economia da Saúde: estrutura e percepção dos seus gerentes sobre o uso de estudos econômicos no Sistema Único de Saúde,,/portal/images/stories/PDFs/nota_tecnica/20170321_nt36_disoc_nucleos_economia_saude.pdf,Nota Técnica - 2017 - março - Número 36 - Disoc
255,20/03/2017 15:28,Previdência e gênero: por que as idades de aposentadoria de homens e mulheres devem ser diferentes?,,/portal/images/stories/PDFs/nota_tecnica/20170321_nt35-disco-previdencia-e-genero.pdf,Nota Técnica - 2017 - março - Número 35 - Disoc
256,24/02/2017 12:55,Análise da Contribuição do Programa de Intermediação de Mão de Obra para os Gastos com Seguro-Desemprego e para Arrecadação Previdenciária no Período Recente (2015 - 2016),,/portal/images/stories/PDFs/nota_tecnica/170224_nt_34_disoc.pdf,Nota Técnica - 2017 - fevereiro - Número 34 - Disoc
257,17/02/2017 08:59,Uso de Estudos Econômicos no Sistema Único de Saúde: Percepção e Atitudes de Tomadores de Decisão,,/portal/images/stories/PDFs/nota_tecnica/170217_nt33_disoc_uso_estudos_economicos_sus.pdf,Nota Técnica - 2017 - fevereiro - Número 33 - Disoc
258,13/02/2017 14:27,Relação entre valor dos benefícios previdenciários e massa salarial dos trabalhadores ocupados: Implicações para a sustentabilidade previdenciária,,/portal/images/stories/PDFs/nota_tecnica/20170131_notatecnicaipearelacaorendaaposentadoriaemassasalarial-disoc.pdf,
259,09/12/2016 16:01,Inovação no Brasil: crescimento marginal no período recente,,/portal/images/stories/PDFs/nota_tecnica/20161209_nt_34.pdf,Nota Técnica - 2016 - dezembro - Número 34 - Diset
260,29/11/2016 18:32,Deficiência e Dependência no Debate sobre a Elegibilidade ao BPC,,/portal/images/stories/PDFs/nota_tecnica/161129_nt_31_disoc.pdf,Nota Técnica - 2016 - novembro - Número 31 - Disoc
261,29/11/2016 14:32,Comportamento Produtivo da Indústria Brasileira no Terceiro Trimestre de 2016,,/portal/images/stories/PDFs/nota_tecnica/161129_nt_33_diset.pdf,Nota Técnica - 2016 - novembro - Número 33 - Diset
262,20/10/2016 11:10,Quanto Custa o Plano Nacional de Educação? Uma Estimativa Orientada pelo Custo Aluno Qualidade (CAQ),,/portal/images/stories/PDFs/nota_tecnica/161014_nt_30_disoc.pdf,Nota Técnica - 2016 - outubro - Número 30 - Disoc
263,14/10/2016 08:57,As Idades Médias de Aposentadoria Urbana por Unidade da Federação e Região,,/portal/images/stories/PDFs/nota_tecnica/161014_nt_29_disoc.pdf,Nota Técnica - 2016 - outubro - Número 29 - Disoc
264,03/10/2016 10:49,Comportamento Produtivo da Indústria Brasileira no Primeiro Semestre de 2016,,/portal/images/stories/PDFs/nota_tecnica/160927_nt_32_diset.pdf,Nota Técnica - 2016 - setembro - Número 32 - Diset
265,21/09/2016 08:14,Os impactos do Novo Regime Fiscal para o financiamento do Sistema Único de Saúde e para a efetivação do direito à saúde no Brasil,,/portal/images/stories/PDFs/nota_tecnica/160920_nt_28_disoc.pdf,Nota Técnica - 2016 - setembro - Número 28 - Disoc
266,21/09/2016 08:11,O Novo Regime Fiscal e suas implicações para a política de Assistência Social no Brasil,,/portal/images/stories/PDFs/nota_tecnica/160920_nt_27_disoc.pdf,Nota Técnica - 2016 - setembro - Número 27 - Disoc
267,22/08/2016 14:59,"Crise econômica, austeridade fiscal e saúde: que lições podem ser aprendidas?",,/portal/images/stories/PDFs/nota_tecnica/160822_nt_26_disoc.pdf,Nota Técnica - 2016 - agosto - Número 26 - Disoc
268,10/08/2016 14:47,Trajetória futura do saldo transações correntes e do passivo externo líquido: algumas simulações,,/portal/images/stories/PDFs/nota_tecnica/160810_nt_20_dimac.pdf,
269,10/08/2016 14:45,Reavaliando a vulnerabilidade externa da economia brasileira,,/portal/images/stories/PDFs/nota_tecnica/160810_nt_19.pdf,
270,07/07/2016 17:52,"Projeto Agiliza: Pesquisa de Percepção do Eixo ""Burocracia""",,/portal/images/stories/PDFs/nota_tecnica/160708_nt_20_diest_projeto_agiliza_pesquisa_percepcao_eixo_burocracia.pdf,Nota Técnica - 2016 - julho - Número 20 - Diest
271,13/06/2016 16:59,Comportamento Produtivo da Indústria Brasileira no Primeiro Trimestre de 2016,,/portal/images/stories/PDFs/nota_tecnica/160613_notatecnica_diset_n31.pdf,Nota Técnica - 2016 - junho - Número 31 - Diset
272,13/06/2016 10:07,Proposta de redação à regulamentação do art. 20 da Lei de Inovação (Lei n° 13.243/16),,/portal/images/stories/PDFs/nota_tecnica/160613_nota_tecnica_diset_n_30.pdf,Nota Técnica - 2016 - junho - Número 30 - Diset
273,30/05/2016 11:24,Radiografia do gasto tributário em saúde – 2003-2013,,/portal/images/stories/PDFs/nota_tecnica/160530_nt_19_radiografia_gasto_tributario_saude_2003_2013.pdf,Nota Técnica - 2016 - maio - Número 19 - Diest
274,25/05/2016 14:25,Previdência Rural: Contextualizando o debate em torno do financiamento e das regras de acesso,,/portal/images/stories/PDFs/nota_tecnica/160525_nt_25.pdf,Nota Técnica - 2016 - abril - Número 25 - Disoc
275,25/05/2016 10:26,"Os Pescadores da Bacia do Rio Doce: subsídios para a mitigação dos impactos socioambientais do desastre da Samarco em Mariana, Minas Gerais",,/portal/images/stories/PDFs/nota_tecnica/160524_nt_dirur_11.pdf,Nota Técnica - 2016 - maio - Número 11 - Dirur
276,16/05/2016 19:23,Análise dos ratings dos estados brasileiros: todos deveriam se endividar?,,/portal/images/stories/PDFs/nota_tecnica/160516_notatecnica_dirur_10.pdf,Nota Técnica - 2016 - maio - Número 10 - Dirur
277,10/05/2016 20:58,Indicadores Multidimensionais de Educação e Homicídios nos Territórios Focalizados pelo Pacto Nacional pela Redução de Homicídios,,/portal/images/stories/PDFs/nota_tecnica/160510_notatecnica_diest_18.pdf,Nota Técnica - 2016 - maio - Número 18 - Diest
278,09/05/2016 11:25,O Uso da CIDE Para Custeio do Transporte Público Urbano (TPU),,/portal/images/stories/PDFs/nota_tecnica/160506_notatecnicadirur09.pdf,Nota Técnica - 2016 - maio - Número 9 - Dirur
279,21/03/2016 15:41,Atlas da Violência 2016,,/portal/images/stories/PDFs/nota_tecnica/160405_nt_17_atlas_da_violencia_2016_finalizado.pdf,Nota Técnica - 2016 - março - Número 17 - Diest
280,18/03/2016 14:51,Margens de preferência: limites à avaliação de resultados e impactos,,/portal/images/stories/PDFs/nota_tecnica/20160318_nt_29.pdf,
281,18/03/2016 14:43,Comportamento Produtivo da Indústria Brasileira em 2015,,/portal/images/stories/PDFs/nota_tecnica/20160318_nt_28.pdf,
282,10/03/2016 15:10,Mulheres e trabalho: breve análise do período 2004-2014,,/portal/images/stories/PDFs/nota_tecnica/160309_nt_24_mulher_trabalho_marco_2016.pdf,Nota Técnica - 2016 - março - Número 24 - Disoc
283,12/01/2016 11:04,Análise da dinâmica do emprego setorial de 2014 a 2015,,/portal/images/stories/PDFs/nota_tecnica/160115_nota_tecnica_disoc_23.pdf,Nota Técnica - 2016 - janeiro - Número 23 - Disoc
284,30/12/2015 08:35,PNAD 2014 – breves análises,,/portal/images/stories/PDFs/nota_tecnica/151230_nota_tecnica_pnad2014.pdf,Nota Técnica - 2015 - dezembro - Número 22 - Disoc
285,15/12/2015 13:54,A trajetória recente do Programa de Aquisição de Alimentos da Agricultura Familiar (PAA): uma análise das mudanças normativas e institucionais que deram nova inflexão ao programa,,/portal/images/stories/PDFs/nota_tecnica/151215_nt_disoc_21.pdf,Nota Técnica - 2015 - dezembro - Número 21 - Disoc
286,04/12/2015 10:12,Comportamento produtivo da indústria brasileira do terceiro trimestre de 2015,,/portal/images/stories/PDFs/nota_tecnica/151204_nt_diset_27_diset_comp_prod_ind_bras_3_semest_2015.pdf,
287,28/10/2015 10:25,Evolução e perfil dos nomeados para cargos DAS na administração pública federal (1999-2014),,/portal/images/stories/PDFs/nota_tecnica/151209_nota_tecnica_cargos_de_confianca_final.pdf,
288,05/10/2015 10:52,Comportamento produtivo da indústria brasileira no primeiro semestre de 2015,,/portal/images/stories/PDFs/nota_tecnica/151005_nt_26_diset_comp_prod_ind_bras_1_semest_2015.pdf,
289,21/09/2015 14:01,"Redução da Idade de Imputabilidade Penal, Educação e Criminalidade",,/portal/images/stories/PDFs/nota_tecnica/150921_nt_diest_14_imputabilidade_penal.pdf,
290,16/06/2015 08:50,O Adolescente em Conflito com a Lei e o Debate sobre a Redução da Maioridade Penal: esclarecimentos necessários,,/portal/images/stories/PDFs/nota_tecnica/150616_nt_maioridade_penal.pdf,Nota Técnica - 2015 - junho - Número 20 - Disoc
291,01/06/2015 16:38,Aspectos Produtivos da Indústria Brasileira no Primeiro Trimestre de 2015,,/portal/images/stories/PDFs/nota_tecnica/150601_ntdiset_n25.pdf,
292,04/05/2015 17:15,Organização de Conferências Nacionais: desafios e novas possibilidades de diálogo,,/portal/images/stories/PDFs/nota_tecnica/150504_diest_n14.pdf,
293,27/04/2015 17:53,O uso do imposto de transmissão de bens intervivos para o monitoramento do mercado imobiliário: uma metodologia para construção do observatório imobiliário no Distrito Federal,,/portal/images/stories/PDFs/nota_tecnica/150427_nt_n08.pdf,
294,07/04/2015 17:37,Comportamento Produtivo da Indústria Brasileira em 2014,,/portal/images/stories/PDFs/nota_tecnica/150407_nt_diset_24.pdf,
295,03/03/2015 14:52,A institucionalização das políticas públicas de enfrentamento à violência contra as mulheres no Brasil (versão preliminar),,/portal/images/stories/PDFs/nota_tecnica/150302_nt_diest_13.pdf,
296,10/12/2014 14:23,Comportamento Produtivo da Indústria Brasileira no Terceiro Trimestre de 2014,,/portal/images/stories/PDFs/nota_tecnica/12280_nota_tecnica_iv_de_2014.pdf,Nota Técnica - 2014 - dezembro - Número 23 - Diset
297,30/10/2014 10:56,Mudanças nos Principais Indicadores do Mercado de Trabalho Brasileiro: Uma Análise com Base nas PNADs de 2001 a 2013,,/portal/images/stories/PDFs/nota_tecnica/141029_nt_disoc_19.pdf,Nota Técnica - 2014 - outubro - Número 19 - Disoc
298,06/10/2014 10:33,Comportamento da Indústria Brasileira no Segundo Trimestre de 2014,,/portal/images/stories/PDFs/nota_tecnica/141006_nt_diset_22.pdf,Nota Técnica - 2014 - setembro - Número 22 - Diset
299,18/09/2014 12:41,Estimação das tabelas auxiliares de impostos e margens da Matriz de Insumo-Produto no Brasil,,/portal/images/stories/PDFs/nota_tecnica/140918_nt018_dimac.pdf,
300,18/09/2014 12:36,Método RAWS/RAW para estimação anual da Matriz de Insumo-Produto,,/portal/images/stories/PDFs/nota_tecnica/140918_nt017_dimac.pdf,
301,27/06/2014 11:38,Organizadores: Fernanda De Negri e Flávia de Holanda Schmidt Squeff,,/portal/images/stories/PDFs/nota_tecnica/140627_nt_diset_21.pdf,Nota Técnica - 2014 - junho - Número 21 - DisetInfraestrutura científica e tecnológica no Brasil: análises preliminares
302,11/06/2014 13:00,Aspectos do Desempenho Produtivo da Indústria Brasileira no Primeiro Trimestre de 2014,,/portal/images/stories/PDFs/nota_tecnica/140611_notatecnicadiset20.pdf,Nota Técnica - 2014 - junho - Número 20 - Diset
303,28/04/2014 10:33,Sobre a comparação da taxa de desocupação na PNAD Contínua e na PME,,/portal/images/stories/PDFs/nota_tecnica/140428_notatecnicadisoc18.pdf,
304,23/04/2014 12:00,Agenda federativa (1º. trimestre de 2014),,/portal/images/stories/PDFs/nota_tecnica/140423_notatecnicadiest12.pdf,
305,02/04/2014 10:15,Análise do Programa de Subvenção da Produção de Cana-de-açúcar no Brasil – safras de 2008/2009 a 2010/2011,,/portal/images/stories/PDFs/nota_tecnica/140403_notatecnicadiset19.pdf,Nota Técnica - 2014 - março - Número 19 - Diset
306,31/03/2014 17:18,Aspectos do Comportamento da Indústria Brasileira em 2013,,/portal/images/stories/PDFs/nota_tecnica/140331_notatecnicadiset18.pdf,Nota Técnica - 2014 - março - Número 18 - Diset
307,27/03/2014 14:56,Estupro no Brasil: uma radiografia segundo os dados da Saúde (versão preliminar),,/portal/images/stories/PDFs/nota_tecnica/140327_notatecnicadiest11.pdf,
308,26/03/2014 16:54,Classificações tecnológicas: uma sistematização,,/portal/images/stories/PDFs/nota_tecnica/140326_notatecnicadiset17.pdf,Nota Técnica - 2014 - março - Número 17 - Diset
309,11/02/2014 10:43,Reserva de vagas para negros em concursos públicos: uma análise a partir do Projeto de Lei 6.738/2013,,/portal/images/stories/PDFs/nota_tecnica/140211_notatecnicadisoc17.pdf.pdf,
310,20/12/2013 09:47,Aspectos do Comportamento Produtivo da Indústria Brasileira no Terceiro Trimestre 2013,,/portal/images/stories/PDFs/nota_tecnica/131220_notatecnicadiset16.pdf,Nota Técnica - 2013 - dezembro - Número 16 - Diset
311,17/12/2013 09:16,Subsídios à Política Habitacional: Revalorização do Plano Nacional de Habitação a partir do Déficit Habitacional Básico 2010 e sua evolução no período 2005-2010,,/portal/images/stories/PDFs/nota_tecnica/131217_notatecnicadirur07.pdf,
312,06/12/2013 08:10,Análise dos dados da PINTEC 2011,,/portal/images/stories/PDFs/nota_tecnica/131206_notatecnicadiset15.pdf,Nota Técnica - 2013 - dezembro - Número 15 - Diset
313,05/12/2013 09:13,Criação de Municípios Depois do PLS 98/2002: uma estimativa preliminar,,/portal/images/stories/PDFs/nota_tecnica/131205_notatecnicadirur06.pdf,
314,25/11/2013 10:41,Estimativas do Déficit Habitacional brasileiro (PNAD 2007-2012),,/portal/images/stories/PDFs/nota_tecnica/131125_notatecnicadirur05.pdf,
315,20/11/2013 13:01,Transporte Integrado Social – uma proposta para o pacto da mobilidade urbana,,/portal/images/stories/PDFs/nota_tecnica/131212_notatecnicadirur04.pdf,
316,19/11/2013 14:30,Vidas Perdidas e Racismo no Brasil,,/portal/images/stories/PDFs/nota_tecnica/131119_notatecnicadiest10.pdf,
317,18/11/2013 10:42,As condições de saúde nos BRICS entre 1990 e 2010: diversidade e crise,,/portal/images/stories/PDFs/nota_tecnica/131118_notatecnicadiest09.pdf,
318,01/11/2013 14:36,A reforma da Lei 8.666/93 e do arcabouço legal de compras públicas no Brasil: contribuições do Ipea à Consulta Pública do Senado,,/portal/images/stories/PDFs/nota_tecnica/140505_notatecnicadiset08.pdf,
319,11/10/2013 17:17,Estimativas de custos dos recursos humanos em atenção básica: Equipes de Saúde da Família (ESF) e Equipes de Saúde Bucal (ESB),,/portal/images/stories/PDFs/nota_tecnica/131011_notatecnicadisoc16.pdf,
320,02/10/2013 16:35,Aspectos do Comportamento Produtivo da Indústria Brasileira no Primeiro Semestre de 2013,,/portal/images/stories/PDFs/nota_tecnica/131002_notatecnicadiset14.pdf,Nota Técnica - 2013 - outubro - Número 14 - Diset
321,02/10/2013 14:25,Experiências de Monitoramento dos Resultados de Conferências Nacionais,,/portal/images/stories/PDFs/nota_tecnica/131002_notatecnicadiest07.pdf,
322,29/08/2013 09:26,Ampliação do acesso ao Transporte Público Urbano - Propostas em Tramitação no Congresso Nacional,,/portal/images/stories/PDFs/nota_tecnica/130829_notatecnicadirur03.pdf,
323,10/07/2013 16:14,Índices compostos de inovação: uma proposta de cálculo de ratings para empresas e projetos,,/portal/images/stories/PDFs/nota_tecnica/130710_notatecnicadiset13.pdf,Nota Técnica - 2013 - julho - Número 13 - Diset
324,05/07/2013 17:04,Aspectos do comportamento da indústria brasileira no primeiro trimestre de 2013,,/portal/images/stories/PDFs/nota_tecnica/130705_notatecnicadiset12.pdf,Nota Técnica - 2013 - julho - Número 12 - Diset
325,04/07/2013 09:13,Tarifação e financiamento do transporte público urbano,,/portal/images/stories/PDFs/nota_tecnica/130714_notatecnicadirur02.pdf,
326,02/07/2013 17:17,Tecnologias e riscos: armas cibernéticas,,/portal/images/stories/PDFs/nota_tecnica/130702_notatecnicadiset11.pdf,Nota Técnica - 2013 - julho - Número 11 - Diset
327,10/06/2013 15:53,Custo e eficiência dos novos Tribunais Regionais Federais: uma avaliação da Emenda Constitucional 73,,/portal/images/stories/PDFs/nota_tecnica/130610_notatecnicadiest06.pdf,
328,06/06/2013 15:18,Base industrial de defesa brasileira: características das firmas e percepção dos empresários do setor,,/portal/images/stories/PDFs/nota_tecnica/130606_notatecnicadiset10.pdf,Nota Técnica - 2013 - junho - Número 10 - Diset
329,28/05/2013 11:53,Mensuração dos Gastos Tributários: O Caso dos Planos de Saúde – 2003-2011,,/portal/images/stories/PDFs/nota_tecnica/130528_notatecnicadiest05.pdf,
330,21/05/2013 11:58,Fatores Críticos das Audiências Públicas do Governo Federal,,/portal/images/stories/PDFs/nota_tecnica/130521_notatecnicadiest04.pdf,
331,17/05/2013 10:13,Estimativas do déficit habitacional brasileiro (2007-2011) por municípios (2010),,/portal/images/stories/PDFs/nota_tecnica/130517_notatecnicadirur01.pdf,
332,22/04/2013 12:10,Panorama da Propriedade Industrial no Brasil,,/portal/images/stories/PDFs/nota_tecnica/130422_notatecnicadiset09.pdf,Nota Técnica - 2013 - abril - Número 9 - Diset
333,05/04/2013 14:50,Aspectos do comportamento produtivo da indústria brasileira em 2012,,/portal/images/stories/PDFs/nota_tecnica/130405_notatecnicadiset08.pdf,Nota Técnica - 2013 - abril - Número 8 - Diset
334,27/03/2013 10:11,Gasto com atenção básica das três esferas de governo: possibilidades e limitações das análises a partir de bases de dados orçamentário-financeiras,,/portal/images/stories/PDFs/nota_tecnica/130327_notatecnicadisoc15.pdf,
335,25/02/2013 12:12,Indústria naval: um cenário dos principais players mundiais,,/portal/images/stories/PDFs/nota_tecnica/130225_notatecnicadiset07.pdf,Nota Técnica - 2013 - janeiro - Número 7 - Diset
336,26/12/2012 10:39,O Bolsa Família depois do Brasil Carinhoso: uma análise do potencial de redução da pobreza extrema,,/portal/images/stories/PDFs/nota_tecnica/121221_notatecnica14_disoc.pdf,
337,06/12/2012 09:33,Considerações sobre os marcos regulatórios do setor ferroviário brasileiro – 1997-2012,,/portal/images/stories/PDFs/nota_tecnica/121206_notatecnicadiset06.pdf,Nota Técnica - 2012 - dezembro - Número 6 - Diset
338,04/12/2012 14:26,Gasto Social Federal: uma análise da execução orçamentária de 2011,,/portal/images/stories/PDFs/nota_tecnica/121204_notatecnicadisoc013.pdf,
339,26/11/2012 13:17,A Importância do crédito para o desenvolvimento social e produtivo dos assentados,,/portal/images/stories/PDFs/nota_tecnica/121127_notatecnicadisoc012.pdf,
340,14/11/2012 09:35,Considerações sobre a integração das instituições participativas ao ciclo de gestão de políticas públicas: subsídios à formulação de um sistema de participação,,/portal/images/stories/PDFs/nota_tecnica/121129_notatecnicadiest03.pdf,
341,14/11/2012 09:32,Fatores Críticos de Sucesso na Organização de Conferências Nacionais,,/portal/images/stories/PDFs/nota_tecnica/121114_notatecnicadiest02.pdf,
342,04/09/2012 10:55,Gasto Social Federal: prioridade macroeconômica no período 1995-2010,,/portal/images/stories/PDFs/nota_tecnica/120904_notatecnicadisoc011.pdf,
343,30/08/2012 16:15,Expansão dos direitos das trabalhadoras domésticas no Brasil,,/portal/images/stories/PDFs/nota_tecnica/120830_notatecnicadisoc010.pdf,
344,17/08/2012 08:40,Estimando o desalinhamento cambial para países selecionados utilizando análise baseada em fundamentos,,/portal/images/stories/PDFs/nota_tecnica/120816_notatecnicadinte11.pdf,
345,15/08/2012 15:01,OMC e economias não de mercado: o caso da China,,/portal/images/stories/PDFs/nota_tecnica/120814_notatecnicadinte10.pdf,
346,03/08/2012 15:55,Obrigações da Rússia na acessão à OMC,,/portal/images/stories/PDFs/nota_tecnica/120719_notatecnicadinte9.pdf,
347,31/07/2012 13:10,A necessidade de auditores fiscais do Trabalho no Brasil: uma análise contemplando o grau de descumprimento da legislação trabalhista,,/portal/images/stories/PDFs/nota_tecnica/120731_nt_04_disoc.pdf,
348,29/03/2012 15:12,A Participação dos BICS na OMC: o exemplo da Rodada DOHA,,/portal/images/stories/PDFs/nota_tecnica/120330_notatecnicadinte8.pdf,
349,30/12/2011 15:45,Custo e tempo do processo de execução fiscal promovido pela Procuradoria Geral da Fazenda Nacional,,/portal/images/stories/PDFs/nota_tecnica/111230_notatecnicadiest1.pdf,
350,30/12/2011 15:40,As discussões sobre a regulamentação do Imposto sobre Grandes Fortunas: a situação no Brasil e a experiência internacional,,/portal/images/stories/PDFs/nota_tecnica/111230_notatecnicadinte7.pdf,Nota Técnica - 2011 - outubro - Número 7 - Dinte
351,29/12/2011 15:35,O princípio da nação mais favorecida e os desalinhamentos cambiais,,/portal/images/stories/PDFs/nota_tecnica/111229_notatecnicadinte6.pdf,Nota Técnica - 2011 - dezembro - Número 6 - Dinte
352,29/12/2011 15:31,Comércio exterior e performance das manufaturas de média-alta e alta tecnologia,,/portal/images/stories/PDFs/nota_tecnica/111228_notatecnicadinte5.pdf,Nota Técnica - 2011 - dezembro - Número 5 - Dinte
353,10/11/2011 16:48,"Considerações do Ipea acerca do Relatório do Desenvolvimento Humano (RDH) de 2011, do PNUD",,/portal/images/stories/PDFs/nota_tecnica/111110_notatecnicapresi4.pdf,
354,22/08/2011 10:54,Impactos do Câmbio nos Instrumentos de Comércio Internacional: O Caso das Tarifas,,/portal/images/stories/PDFs/nota_tecnica/110822_nt004_dinte.pdf,Nota Técnica - 2011 - agosto - Número 4 - Dinte
355,30/05/2011 14:46,Planejamento e Financiamento das Políticas para as Mulheres: possibilidades para o Plano Plurianual 2012-2015,,/portal/images/stories/PDFs/nota_tecnica/110530_notatec8disoc.pdf,Nota Técnica - 2011 - maio - Número 8 - Disoc
356,27/05/2011 16:56,Planejamento e Financiamento das Políticas de Igualdade Racial: possibilidades para o Plano Plurianual 2012-2015,,/portal/images/stories/PDFs/nota_tecnica/110527_notatec7disoc.pdf,Nota Técnica - 2011 - maio - Número 7 - Disoc
357,19/04/2011 11:44,"Perfil da Política e dos Instrumentos de Comércio Internacional dos BICs (Brasil, Índia e China)",,/portal/images/stories/PDFs/nota_tecnica/110419_nt003_dinte.pdf,Nota Técnica - 2011 - abril - Número 3 - Dinte
358,15/04/2011 16:54,Os Acordos Regionais e Preferenciais de Comércio da Índia e da China,,/portal/images/stories/PDFs/nota_tecnica/110415_nt002_dinte.pdf,Nota Técnica - 2011 - abril - Número 2 - Dinte
359,14/04/2011 11:22,"Aeroportos no Brasil: investimentos recentes, perspectivas e preocupações",,/portal/images/stories/PDFs/nota_tecnica/110414_nt005_diset.pdf,Nota Técnica - 2011 - abril - Número 5 - Diset
360,29/09/2010 16:40,Como elaborar Modelo Lógico: roteiro para formular programas e organizar avaliação,,/portal/images/stories/PDFs/nota_tecnica/100924_notatec6disoc.pdf,Nota Técnica - 2010 - setembro - Número 6 - Disoc
361,15/03/2010 16:35,Estimativa da Carga Tributária de 2002 a 2009,,/portal/images/stories/PDFs/nota_tecnica/2010_nt016_marco_dimac.pdf,
362,25/01/2010 18:06,Impactos da Redução do Imposto sobre Produtos Industrializados (IPI) de Automóveis,,/portal/images/stories/PDFs/nota_tecnica/2009_nt015_agosto_dimac.pdf,Nota Técnica - 2009 - agosto - Número 15 - Dimac
363,25/01/2010 18:05,O que explica a queda recente da receita tributária federal?,,/portal/images/stories/PDFs/nota_tecnica/2009_nt014_agosto_dimac.pdf,Nota Técnica - 2009 - Número 14 - Dimac
364,25/01/2010 18:04,"Investimentos, Endividamento Público e Crescimento Econômico",,/portal/images/stories/PDFs/nota_tecnica/2009_nt013_maio_dimac.pdf,
365,25/01/2010 18:02,,,/portal/images/stories/PDFs/nota_tecnica/2009_nt012_marco_dimac.pdf,Nota Técnica - 2009 - março - Número 12 - Dimac
366,25/01/2010 18:00,Gargalos e Demandas da Infraestrutura Ferroviária e os Investimentos do Pac,,/portal/images/stories/PDFs/nota_tecnica/2009_nt04_novembro_diset.pdf,Nota Técnica - 2009 - novembro - Número 4 - Diset
367,25/01/2010 17:59,Evolução recente da rotatividade no emprego formal no Brasil,,/portal/images/stories/PDFs/nota_tecnica/2009_nt03_setembro_presi.pdf,Nota Técnica - 2009 - Número 3 - Presidência
368,25/01/2010 17:58,Gargalos e Demandas da Infraestrutura Portuária e os Investimentos do PAC,,/portal/images/stories/PDFs/nota_tecnica/2009_nt03_setembro_diset.pdf,Nota Técnica - 2009 - novembro - Número 3 - Diset
369,25/01/2010 17:57,Avaliação das Políticas de Incentivo à P&D e Inovação Tecnológica no Brasil,,/portal/images/stories/PDFs/nota_tecnica/2009_nt02_julho_diset.pdf,
370,25/01/2010 17:55,Crise e Trabalho nas Metrópoles,,/portal/images/stories/PDFs/nota_tecnica/2009_nt02_julho_presi.pdf,Nota Técnica - 2009 - Número 2
371,25/01/2010 17:54,Pobreza e crise econômica: o que há de novo no Brasil metropolitano,,/portal/images/stories/PDFs/nota_tecnica/2009_nt01_maio_presi.pdf,Nota Técnica - 2009 - Número 1 - Presidência
372,25/01/2010 17:53,A Internacionalização das Empresas Chinesas,,/portal/images/stories/PDFs/nota_tecnica/2009_nt01_maio_deint.pdf,Nota Técnica - 2009 - Número 1 - Deint
373,25/01/2010 17:48,Ipea corrige previsão de inflação,,/portal/images/stories/PDFs/nota_tecnica/2008_nt011_dezembro_dimac.pdf,Nota Técnica - 2008 - dezembro - Número 11 - Dimac
374,25/01/2010 17:48,Avaliação das Previsões Sobre as Transações Correntes Realizadas em Março e Novas Previsões,,/portal/images/stories/PDFs/nota_tecnica/2008_nt010_julho_dimac.pdf,Nota Técnica - 2008 - julho - Número 10 - Dimac
375,25/01/2010 17:47,Reversão Preventiva na Política Monetária,,/portal/images/stories/PDFs/nota_tecnica/2008_nt09_abril_dimac.pdf,Nota Técnica - 2008 - abril - Número 9 - Dimac
376,25/01/2010 17:47,Gasto Social Federal: Execução Orçamentária dos Órgãos Sociais Federais em 2007 e Primeiras Impressões,,/portal/images/stories/PDFs/nota_tecnica/2008_nt05_julho_disoc.pdf,Nota Técnica - 2008 - julho - Número 5 - Disoc
377,25/01/2010 17:46,Atualização das Projeções de Crescimento do PIB: ajustes às novas séries de contas nacionais,,/portal/images/stories/PDFs/nota_tecnica/2007_nt08_abril_dimac.pdf,Nota Técnica - 2007 - abril - Número 8 - Dimac
378,25/01/2010 17:46,As Novas Contas Nacionais,,/portal/images/stories/PDFs/nota_tecnica/2007_nt07_marco_dimac.pdf,Nota Técnica - 2007 - março - Número 7 - Dimac
379,25/01/2010 17:45,Cenários do Mercado de Trabalho para Políticas de Previdência Social a Longo Prazo,,/portal/images/stories/PDFs/nota_tecnica/2007_nt04_maio_disoc.pdf,Nota Técnica - 2007 - maio - Número 4 - Disoc
380,25/01/2010 17:11,Diagnóstico do Mercado de Trabalho para a Previdência Social - 1980-2006,,/portal/images/stories/PDFs/nota_tecnica/2007_nt03_marco_disoc.pdf,Nota Técnica - 2007 - março - Número 3 - Disoc
381,25/01/2010 17:10,Como Elaborar Modelo Lógico de Programa: um roteiro básico,,/portal/images/stories/PDFs/nota_tecnica/2007_nt02_fevereiro_disoc.pdf,Nota Técnica - 2007 - fevereiro - Número 2 - Disoc
382,25/01/2010 17:10,O Perfil do Investimento Direto Japonês no Brasil (1990-2005),,/portal/images/stories/PDFs/nota_tecnica/2006_nt01_julho_diset.pdf,Nota Técnica - 2006 - julho - Número 1- Diset
383,25/01/2010 17:09,Sobre a recente queda da desigualdade de renda no Brasil,,/portal/images/stories/PDFs/nota_tecnica/2006_nt01_agosto_disoc.pdf,Nota Técnica - 2006 - março - Número 1 - Disoc
384,25/01/2010 17:08,Metodologia de Avaliação do Risco de Crédito e Revisão Tarifária das Concessionárias de Distribuição de Energia Elétrica,,/portal/images/stories/PDFs/nota_tecnica/2005_nt06_abril_dimac.pdf,Nota Técnica - 2005 - abril - Número 6 - Dimac
385,25/01/2010 17:07,Questões Regulatórias do Setor de Saneamento no Brasil,,/portal/images/stories/PDFs/nota_tecnica/2004_nt05_janeiro_dimac.pdf,Nota Técnica - 2004 - janeiro - Número 5 - Dimac
386,25/01/2010 17:07,A Regulação no Transporte Rodoviário Brasileiro,,/portal/images/stories/PDFs/nota_tecnica/2003_nt04_outubro_dimac.pdf,Nota Técnica - 2003 - outubro - Número 4 - Dimac
387,25/01/2010 17:06,Technological Change and Agricultural Growth in the Brazilian Cerrado: A Theoretical Analysis,,/portal/images/stories/PDFs/nota_tecnica/2003_nt03_outubro_dimac.pdf,Nota Técnica - 2003 - outubro - Número 3 - Dimac
388,25/01/2010 17:05,A Regulação do Mercado de Aviação Civil no Brasil,,/portal/images/stories/PDFs/nota_tecnica/2003_nt02_outubro_dimac.pdf,Nota Técnica - 2003 - outubro - Número 2 - Dimac
389,25/01/2010 17:04,A Expansão do Setor Brasileiro de Energia Elétrica: Falta de Mercado ou de Planejamento,,/portal/images/stories/PDFs/nota_tecnica/2003_nt01_setembro_dimac.pdf,Nota Técnica - 2003 - setembro - Número 1 - Dimac
