,Link PDF Extraído,Título,Autores,Data Publicação,Publicação Mãe
0,/portal/images/stories/PDFs/ppe/220810_ppe_v51_n3_miolo_art1.pdf,PROMOVENDO O DESEMPENHO EDUCACIONAL VIA MELHORIAS NA GESTÃO ESCOLAR: O CASO DO PROGRAMA JOVEM DE FUTURO,"Ricardo Paes de Barros, Mirela de Carvalho, Samuel Franco, Beatriz Silva Garcia, Ricardo Henriques, Laura Muller Machado","2021 Dezembro - Volume 51, 3",PPE - Pesquisa e Planejamento Econômico - 51 - nº 03
1,/portal/images/stories/PDFs/ppe/220810_ppe_v51_n3_miolo_art2.pdf,OS DETERMINANTES MACROECONÔMICOS DA ESTRUTURA A TERMO DO CUPOM CAMBIAL NO BRASIL,"Marcelo Fernandes, Ygor Munhoz, Clemens Nunes",,PPE - Pesquisa e Planejamento Econômico - 51 - nº 03
2,/portal/images/stories/PDFs/ppe/220810_ppe_v51_n3_miolo_art3.pdf,GRAU DE ESPECIALIZAÇÃO DA CESTA DE EXPORTAÇÕES E SUA RELAÇÃO COM A COMPLEXIDADE ECONÔMICA DAS UNIDADES DA FEDERAÇÃO BRASILEIRAS,"Felipe Orsolin Teixeira, Clailton Ataídes de Freitas, Daniel Arruda Coronel",,PPE - Pesquisa e Planejamento Econômico - 51 - nº 03
3,/portal/images/stories/PDFs/ppe/220810_ppe_v51_n3_miolo_art4.pdf,O CICLO DAS COMMODITIES E O CRESCIMENTO REGIONAL DESIGUAL NO BRASIL ENTRE 2005 E 2014: UMA APLICAÇÃO DE EQUILÍBRIO GERAL COMPUTÁVEL,"Celso Bissoli Sessa, Thiago Cavalcante Simonato, Edson Paulo Domingues",,PPE - Pesquisa e Planejamento Econômico - 51 - nº 03
4,/portal/images/stories/PDFs/ppe/220810_ppe_v51_n3_miolo_art5.pdf,EFEITO DA MUNICIPALIZAÇÃO DO IMPOSTO TERRITORIAL RURAL SOBRE A ARRECADAÇÃO TRIBUTÁRIA DOS MUNICÍPIOS BRASILEIROS,"Claudia Heck, Fábio Nishimura, Beatriz Santos Araújo",,PPE - Pesquisa e Planejamento Econômico - 51 - nº 03
5,/portal/images/stories/PDFs/ppe/220810_ppe_v51_n3_miolo_art6.pdf,MIGRAÇÃO INTERMUNICIPAL NO NORDESTE BRASILEIRO: HÁ EVIDÊNCIAS DE SELEÇÃO MIGRATÓRIA?,"Luís Abel da Silva Filho, Guilherme Mendes Resende",,PPE - Pesquisa e Planejamento Econômico - 51 - nº 03
6,/portal/images/stories/PDFs/ppe/220810_ppe_v51_n3_miolo_art7.pdf,ABORDAGEM HIERÁRQUICO-ESPACIAL DOS FATORES QUE AFETAM A PARTICIPAÇÃO NO MERCADO DE TRABALHO BRASILEIRO,"Danyella Juliana Martins de Brito, Marcus Vinícius Amaral e Silva, Marta Cristiane Timóteo Rossi",,PPE - Pesquisa e Planejamento Econômico - 51 - nº 03
7,/portal/images/stories/PDFs/ppe/220810_ppe_v51_n3_miolo_art8.pdf,EFEITOS ECONÔMICOS DA ZONA FRANCA DE MANAUS,"Rogério da Cruz Gonçalves, Philipp Ehrl",,PPE - Pesquisa e Planejamento Econômico - 51 - nº 03
8,/portal/images/stories/PDFs/ppe/220401_ppe_51_n2_art01.pdf,HABILIDADES E PRÊMIO SALARIAL URBANO,"Edivaldo Constantino das Neves Júnior, Carlos Roberto Azzoni, André Squarize Chagas","2021 Agosto - Volume 51, 2",PPE - Pesquisa e Planejamento Econômico - 51 - nº 02
9,/portal/images/stories/PDFs/ppe/220401_ppe_51_n2_art02.pdf,APOIO FINANCEIRO OU TIPO DE ESCOLA DE ENSINO MÉDIO? UMA ANÁLISE DO FIES E DO PROUNI SOBRE A SOBREVIVÊNCIA DE ESTUDANTES NO ENSINO SUPERIOR BRASILEIRO,"Alice Saccaro, Marco Túlio Aniceto França",,PPE - Pesquisa e Planejamento Econômico - 51 - nº 02
10,/portal/images/stories/PDFs/ppe/220401_ppe_51_n2_art03.pdf,OS EFEITOS DAS MEDIDAS ANTI-DUMPING DO BRASIL SOBRE SUAS IMPORTAÇÕES,"Giulio Caliani, Sérgio Kannebley Júnior",,PPE - Pesquisa e Planejamento Econômico - 51 - nº 02
11,/portal/images/stories/PDFs/ppe/220401_ppe_51_n2_art04.pdf,IMPACTO DA MIGRAÇÃO DE RETORNO AO NORDESTE SOBRE A DISTRIBUIÇÃO SALARIAL: UMA ABORDAGEM SEMIPARAMÉTRICA,"Maria Adreciana Silva de Aguiar, João Mário Santos de França",,PPE - Pesquisa e Planejamento Econômico - 51 - nº 02
12,/portal/images/stories/PDFs/ppe/220401_ppe_51_n2_art05.pdf,TRANSPORTE E CRESCIMENTO ECONÔMICO: O CASO DO PROACESSO EM MINAS GERAIS,"Lucas Siqueira de Castro, Eduardo Almeida, João Eustáquio de Lima",,PPE - Pesquisa e Planejamento Econômico - 51 - nº 02
13,/portal/images/stories/PDFs/ppe/220401_ppe_51_n2_art06.pdf,INVESTIMENTO ESTRANGEIRO DIRETO E DESIGUALDADE DE RENDA INTRASETORIAL NA INDÚSTRIA BRASILEIRA DE TRANSFORMAÇÃO,"Cristiane Vanessa C. Borges, Gilberto Joaquim Fraga",,PPE - Pesquisa e Planejamento Econômico - 51 - nº 02
14,,,,"2021 Abril - Volume 51, 1",PPE - Pesquisa e Planejamento Econômico - 51 - nº 01
15,/portal/images/stories/PDFs/ppe/210715_ppe_miolo_art_01.pdf,"EXPECTATIVAS DE INFLAÇÃO, METAS PERCEBIDAS PELOS AGENTES E CREDIBILIDADE DAS AUTORIDADES MONETÁRIAS","Luciano Vereda, Victor Mamede, Daniel Karp, Renato Lerípio","2020 Dezembro- Volume 50, 3",PPE - Pesquisa e Planejamento Econômico - 50 - nº 03
16,/portal/images/stories/PDFs/ppe/210715_ppe_miolo_art_02.pdf,IMPACTOS DE BEM-ESTAR DA PRIVATIZAÇÃO DE INFRAESTRUTURA,"Ricardo A. de Castro Pereira, Pedro Cavalcanti Ferreira, Arley Rodrigues Bezerra",,PPE - Pesquisa e Planejamento Econômico - 50 - nº 03
17,/portal/images/stories/PDFs/ppe/210715_ppe_miolo_art_03.pdf,É POSSÍVEL A INFLAÇÃO BRASILEIRA SER AFETADA PELA TRIBUTAÇÃO?,José Laurindo de Almeida,,PPE - Pesquisa e Planejamento Econômico - 50 - nº 03
18,/portal/images/stories/PDFs/ppe/210715_ppe_miolo_art_04.pdf,VOU DE TÁXI? UMA ANÁLISE DA OFERTA DE TRABALHO DE MOTORISTAS DE TÁXI NO BRASIL,"Cristiano Aguiar de Oliveira, Gabriel Costeira Machado",,PPE - Pesquisa e Planejamento Econômico - 50 - nº 03
19,/portal/images/stories/PDFs/ppe/210715_ppe_miolo_art_05.pdf,"ELITES POLÍTICAS, IDEOLOGIA E GASTO PÚBLICO NAS PEQUENAS CIDADES BRASILEIRAS","Willson Gerigk, Adriano Codato",,PPE - Pesquisa e Planejamento Econômico - 50 - nº 03
20,/portal/images/stories/PDFs/ppe/210715_ppe_miolo_art_06.pdf,PRODUTIVIDADE E MERCADO DE TRABALHO NO SETOR DE SERVIÇOS NO BRASIL: AVANÇOS E PERSISTÊNCIA DAS DESIGUALDADES NO PERÍODO 2004-201,"João Saboia, Lucia Kubrusly, Fernanda Baeta Neves, João Vitor Pereira, Luiz Hermida",,PPE - Pesquisa e Planejamento Econômico - 50 - nº 03
21,/portal/images/stories/PDFs/ppe/210715_ppe_miolo_art_07.pdf,ESTRUTURA PRODUTIVA E DISTRIBUIÇÃO INTERPESSOAL DE RENDA,"NO ESTADO DA BAHIA, Libania Araújo Silva, Luiz Carlos Santana Ribeiro, Kênia Barreiro de Souza",,PPE - Pesquisa e Planejamento Econômico - 50 - nº 03
22,/portal/images/stories/PDFs/ppe/210715_ppe_miolo_notas.pdf,NOTA AOS COLABORADORES,,,PPE - Pesquisa e Planejamento Econômico - 50 - nº 03
23,/portal/images/stories/PDFs/ppe/210322_ppe_50_n2_art01.pdf,FINANCIAMENTO DA EDUCAÇÃO SUPERIOR NO BRASIL: O IMPACTO DO PROGRAMA FIES NOS SALÁRIOS DOS TRABALHADORES FORMAIS,"Wilsimara M. Rocha, Philipp Ehrl, Leonardo Monasterio","2020 Agosto - Volume 50, 2",PPE - Pesquisa e Planejamento Econômico - 50 - nº 02
24,/portal/images/stories/PDFs/ppe/210322_ppe_50_n2_art02.pdf,O IMPACTO DO GASTO PÚBLICO E DA QUALIDADE POR NÍVEL DE ENSINO SOBRE O CRESCIMENTO DA RENDA DOS ESTADOS BRASILEIROS,"Eduardo Correia de Souza, Naercio Menezes Filho",,PPE - Pesquisa e Planejamento Econômico - 50 - nº 02
25,/portal/images/stories/PDFs/ppe/210322_ppe_50_n2_art03.pdf,A INFLUÊNCIA DO CAPITAL CULTURAL FAMILIAR SOBRE O DESEMPENHO ESCOLAR,"Luís Henrique Romani de Campos, Patricia Bandeira de Melo, Michela Barreto Camboim Gonçalves, Isabel Pessoa de Arruda Raposo",,PPE - Pesquisa e Planejamento Econômico - 50 - nº 02
26,/portal/images/stories/PDFs/ppe/210322_ppe_50_n2_art04.pdf,IMPACTOS SOCIOECONÔMICOS E SETORIAIS DOS PROJETOS DE INVESTIMENTO DAS FORÇAS ARMADAS DO BRASIL,"Paulo César Morceiro, Milene Simone Tessarin, Joaquim José Martins Guilhoto",,PPE - Pesquisa e Planejamento Econômico - 50 - nº 02
27,/portal/images/stories/PDFs/ppe/210322_ppe_50_n2_art05.pdf,CRÉDITO E DESEMPREGO NO BRASIL (2002-2015),"José Coelho Matos Filho, Vladimir Kühl Teles",,PPE - Pesquisa e Planejamento Econômico - 50 - nº 02
28,/portal/images/stories/PDFs/ppe/210322_ppe_50_n2_art06.pdf,DETERMINANTES DA VIOLÊNCIA DOMÉSTICA CONTRA A MULHER NO BRASIL,"Jayne Cecília Martins, Evandro Camargos Teixeira",,PPE - Pesquisa e Planejamento Econômico - 50 - nº 02
29,/portal/images/stories/PDFs/ppe/200825_ppe_v50_n1_art1.pdf,AS PERDAS DECORRENTES DAS APOSENTADORIAS PRECOCES NO BRASIL,"Bruno Ottoni, Fernando Holanda Barbosa Filho, Luiza Guimarães Nobre","2020 Abril - Volume 50, 1",PPE - Pesquisa e Planejamento Econômico - 50- nº 01
30,/portal/images/stories/PDFs/ppe/200825_ppe_v50_n1_art2.pdf,EDUCAÇÃO ESPECIAL E INCLUSÃO SOCIAL NA TRAJETÓRIA ESCOLAR E LABORAL PARA PESSOAS COM DEFICIÊNCIA NO BRASIL,"Raquel Pereira Pontes, Roberta Rodrigues Salvini, Maria Micheliana da Costa Silva",,PPE - Pesquisa e Planejamento Econômico - 50- nº 01
31,/portal/images/stories/PDFs/ppe/200825_ppe_v50_n1_art3.pdf,CICLOS POLÍTICOS E ELEITORAIS NA EXECUÇÃO DO PROGRAMA BOLSA FAMÍLIA EM NÍVEL MUNICIPAL,"Tiago Sousa Pereira, Vander Mendes Lucas, Moisés de Andrade Resende Filho",,PPE - Pesquisa e Planejamento Econômico - 50- nº 01
32,/portal/images/stories/PDFs/ppe/200825_ppe_v50_n1_art4.pdf,EFEITOS DO BACKGROUND FAMILIAR SOBRE OS RENDIMENTOS VIA MEDIAÇÃO DA EDUCAÇÃO,"Daniel Barbosa Guimarães, Ronaldo de Albuquerque e Arraes, Edward Martins Costa",,PPE - Pesquisa e Planejamento Econômico - 50- nº 01
33,/portal/images/stories/PDFs/ppe/200825_ppe_v50_n1_art5.pdf,CURVAS DE SALÁRIO DINÂMICAS E EFEITOS SOBRE O SALÁRIO REAL E O DESEMPREGO DE LONGO PRAZO PARA A ECONOMIA BRASILEIRA,"Roberto Santolin, Mariangela Furlan Antigo",,PPE - Pesquisa e Planejamento Econômico - 50- nº 01
34,/portal/images/stories/PDFs/ppe/200825_ppe_v50_n1_art6.pdf,DECOMPOSIÇÃO QUANTÍLICA INCONDICIONAL DOS DIFERENCIAIS DE DESEMPENHO ENTRE ALUNOS DE ESCOLAS PRIVADAS E PÚBLICAS PROFISSIONALIZANTES,"Ronaldo A. Arraes, Francisca Zilania Mariano",,PPE - Pesquisa e Planejamento Econômico - 50- nº 01
35,/portal/images/stories/PDFs/ppe/200312_PPE_V49_N3_miolo_Art01.pdf,APOSENTADORIA E MERCADO DE TRABALHO: UMA ANÁLISE USANDO REGRESSÃO DESCONTÍNUA,"Gustavo Marcos Szniter Mentlik, Naercio Menezes-Filho, Bruno Kawaoka Komatsu, , Ronaldo A. Arraes, Francisca Zilania Mariano, , , Felipe Ponciano da Cruz, Ronaldo Seroa da Motta, Alexandre Marinho, , , Hélio de Sousa Ramos Filho, Rennan Kertlly de Medeiros, , , Priscilla Belle Oliveira Pinto, Cláudio R. Foffano Vasconcelos, Ricardo da Silva Freguglia, , Francisco Gildemir Ferreira da Silva, José Kleber Macambira, Carlos Henrique Rocha","2019 dezembro - Volume 49, 3",PPE - Pesquisa e Planejamento Econômico - 49 - nº 03
36,/portal/images/stories/PDFs/ppe/190927_ppe_49_n2_artigo01.pdf,AVALIAÇÃO E REFORMULAÇÃO DA ESTRUTURA TARIFÁRIA NO BRASIL,"Honorio Kume, , , Danyella Juliana Martins de Brito, Stélio Coêlho Lombardi Filho, , , Daniela Verzola Vaz, Danilo Braun Santos, Alexandre Ribeiro Leichsenring, , , Maitê Rimekká Shirasu, Ronaldo de Albuquerque e Arraes, , , Wallace Patrick Santos de Farias Souza, Shirley Pereira de Mesquita, Victor Rodrigues de Oliveira, Maria Eduarda de Lima e Silva, , , José Weligton Félix Gomes, Ricardo A. de Castro Pereira, Arley Rodrigues Bezerra","2019 agosto - Volume 49, 2",PPE - Pesquisa e Planejamento Econômico - 49 - nº 02
37,/portal/images/stories/PDFs/ppe/190508_ppe_v49_n1_art1.pdf,TESTANDO A ESTABILIDADE DO EFEITO DOS DETERMINANTES MICROECONÔMICOS DA TAXA DE POUPANÇA DAS FAMÍLIAS,"Ajax Bello Moreira, Marcos Antonio Coutinho da Silveira","2019 abril - Volume 49, 1",PPE - Pesquisa e Planejamento Econômico - 49 - nº 01
38,/portal/images/stories/PDFs/ppe/190508_ppe_v49_n1_art2.pdf,A EFICIÊNCIA TÉCNICA DAS DISTRIBUIDORAS DE ELETRICIDADE DO BRASIL DURANTE 2003-2012: UMA APLICAÇÃO DE FUNÇÕES DE DISTÂNCIA ESTOCÁSTICAS,"Mariana De Santis, Fernando Damonte, Elías Curi",,PPE - Pesquisa e Planejamento Econômico - 49 - nº 01
39,/portal/images/stories/PDFs/ppe/190508_ppe_v49_n1_art3.pdf,EFEITOS DO PROGRAMA DE QUALIFICAÇÃO PROFISSIONAL BOLSA FUTURO NA EMPREGABILIDADE E SALÁRIO DOS TRABALHADORES,"Guilherme Resende Oliveira, Felipe Resende Oliveira, Rafael Terra, Ana Carolina Zoghbi",,PPE - Pesquisa e Planejamento Econômico - 49 - nº 01
40,/portal/images/stories/PDFs/ppe/190508_ppe_v49_n1_art4.pdf,UMA ABORDAGEM DE DECOMPOSIÇÃO QUANTÍLICA PARA DIFERENCIAIS REGIONAIS DE SALÁRIOS NO BRASIL METROPOLITANO,"Matheus Menezes dos Santos, Ana Maria Hermeto",,PPE - Pesquisa e Planejamento Econômico - 49 - nº 01
41,/portal/images/stories/PDFs/ppe/190508_ppe_v49_n1_art5.pdf,"TAL PAI, TAL FILHO? UMA ANÁLISE DOS EFEITOS FATORES DE CIRCUNSTÂNCIAS SOBRE O DESEMPENHO DOS ALUNOS NA AVALIAÇÃO DO PISA 2012","Lauro Nogueira, Erik Figueiredo",,PPE - Pesquisa e Planejamento Econômico - 49 - nº 01
42,/portal/images/stories/PDFs/ppe/190508_ppe_v49_n1_art6.pdf,INSERÇÃO PRODUTIVA INTERNACIONAL E INTER-REGIONAL: UMA ANÁLISE A PARTIR DAS CADEIAS GLOBAIS DE VALOR,"Fernando Salgueiro Perobelli, Inácio Fernandes de Araújo, Vinícius de Almeida Vale, Mônica de Moura Pires",,PPE - Pesquisa e Planejamento Econômico - 49 - nº 01
43,/portal/images/stories/PDFs/ppe/190115_ppe_v48_n3_art1.pdf,PODER DE MERCADO E NÍVEL DE COMPETIÇÃO NO MERCADO DE EMPRÉSTIMO BANCÁRIO BRASILEIRO,"Marcelo Ranieri Cardoso, Paulo Furquim de Azevedo, Klenio Barbosa","2018 dezembro - Volume 48, 3",PPE - Pesquisa e Planejamento Econômico - 48 - nº 03
44,/portal/images/stories/PDFs/ppe/190115_ppe_v48_n3_art2.pdf,A CONTRIBUIÇÃO DOS RICOS PARA A DESIGUALDADE DE RENDA NO BRASIL,"Marcos Hecksher, Pedro Luis do Nascimento Silva, Carlos Henrique Corseuil",,PPE - Pesquisa e Planejamento Econômico - 48 - nº 03
45,/portal/images/stories/PDFs/ppe/190115_ppe_v48_n3_art3.pdf,"ANÁLISE DO EFEITO DA FAMÍLIA, DA ESCOLA E DO ESTADO SOBRE O CONSUMO DE DROGAS DOS ALUNOS NAS CAPITAIS BRASILEIRAS",Kalinca Léia Becker,,PPE - Pesquisa e Planejamento Econômico - 48 - nº 03
46,/portal/images/stories/PDFs/ppe/190115_ppe_v48_n3_art4.pdf,A DESONERAÇÃO DA FOLHA DE PAGAMENTOS: UMA APLICAÇÃO DO MODELO DE GERAÇÕES SOBREPOSTAS PARA O BRASIL,"Carlos Eduardo de Freitas, Nelson Leitão Paes",,PPE - Pesquisa e Planejamento Econômico - 48 - nº 03
47,/portal/images/stories/PDFs/ppe/190115_ppe_v48_n3_art5.pdf,NOVAS PERSPECTIVAS DECORRENTES DA DECOMPOSIÇÃO DA DESIGUALDADE DE RENDA BRASILEIRA: DESCOBRINDO UMA MAIOR RELEVÂNCIA PARA A FORMALIZAÇÃO,"Janaína Rodrigues Feijó, João Mário Santos de França, Valdemar Rodrigues de Pinho Neto",,PPE - Pesquisa e Planejamento Econômico - 48 - nº 03
48,/portal/images/stories/PDFs/ppe/190115_ppe_v48_n3_art6.pdf,VARIABILIDADE DO EFEITO FLYPAPER E FORÇA POLÍTICA: UMA ANÁLISE PARA OS MUNICÍPIOS BRASILEIROS,"Glauber Marques Nojosa, Fabrício Carneiro Linhares",,PPE - Pesquisa e Planejamento Econômico - 48 - nº 03
49,/portal/images/stories/PDFs/ppe/190115_ppe_v48_n3_art7.pdf,"RESENHA DE POR QUE O BRASIL CRESCE POUCO? DESIGUALDADE, DEMOCRACIA E BAIXO CRESCIMENTO NO PAÍS DO FUTURO",Daniel Suliano,,PPE - Pesquisa e Planejamento Econômico - 48 - nº 03
50,/portal/images/stories/PDFs/ppe/181002_ppe_v48_n2_art01.pdf,CONTRIBUIÇÃO DOS EFEITOS DE FIRMA E DE INDIVÍDUO PARA OS EFEITOS DE LOCALIZAÇÃO SOBRE OS SALÁRIOS E PARA A VARIAÇÃO SALARIAL DO TRABALHADOR FORMAL DO BRASIL,Diana Lúcia Gonzaga da Silva,"2018 agosto - Volume 48, 2",PPE - Pesquisa e Planejamento Econômico - 48 - nº 02
51,/portal/images/stories/PDFs/ppe/181002_ppe_v48_n2_art02.pdf,"RENDA INTERNA BRUTA REAL, GANHOS DE COMÉRCIO E TERMOS DE TROCA NO BRASIL DE 1948 A 2016","Estêvão Kopschitz Xavier Bastos, Pedro Américo",,PPE - Pesquisa e Planejamento Econômico - 48 - nº 02
52,/portal/images/stories/PDFs/ppe/181002_ppe_v48_n2_art03.pdf,"DINÂMICA DA POBREZA, MUDANÇAS MACROECONÔMICAS E DISPARIDADES REGIONAIS NO BRASIL","Dércio Nonato Chaves de Assis, Fabrício Carneiro Linhares",,PPE - Pesquisa e Planejamento Econômico - 48 - nº 02
53,/portal/images/stories/PDFs/ppe/181002_ppe_v48_n2_art04.pdf,FLUTUAÇÕES ECONÔMICAS DURANTE A GRAVIDEZ E INICIAÇÃO AO TABAGISMO ENTRE ADOLESCENTES NO BRASIL: EVIDÊNCIAS A PARTIR DA PESQUISA NACIONAL DE SAÚDE DO ESCOLAR 2012,"Victor Hugo de Oliveira, José Raimundo Carvalho, José Maria da Cunha Junior",,PPE - Pesquisa e Planejamento Econômico - 48 - nº 02
54,/portal/images/stories/PDFs/ppe/181002_ppe_v48_n2_art05.pdf,BACKGROUNDFAMILIAR E DESEMPENHO ESCOLAR: UMA ABORDAGEM NÃO PARAMÉTRICA,"Wallace Patrick Santos de Farias Souza, Victor Rodrigues de Oliveira, Ana Cláudia Annegues",,PPE - Pesquisa e Planejamento Econômico - 48 - nº 02
55,/portal/images/stories/PDFs/ppe/181002_ppe_v48_n2_art06.pdf,ESTÍMULOS FISCAIS E A INTERAÇÃO ENTRE AS POLÍTICAS MONETÁRIA E FISCAL NO BRASIL,"Julio Cesar de Mello Barros, Elcyon Caiado Rocha Lima",,PPE - Pesquisa e Planejamento Econômico - 48 - nº 02
56,/portal/images/stories/PDFs/ppe/180426_ppe_v48_n1_art_01.pdf,A RELAÇÃO ENTRE INVESTIMENTO ESTRANGEIRO DIRETO E COMÉRCIO INTERNACIONAL NO BRASIL ENTRE 2001 E 2012,"Guilherme Pons Fiorentin, André Filipe Zago de Azevedo, Magnus dos Reis","2018 Abril - Volume 48, 1",PPE - Pesquisa e Planejamento Econômico - 48 - nº 01
57,/portal/images/stories/PDFs/ppe/180426_ppe_v48_n1_art_02.pdf,AVALIAÇÃO DA EFICIÊNCIA TÉCNICA DOS MUNICÍPIOS BRASILEIROS NA EDUCAÇÃO PÚBLICA,Bernardo P. Schettini,,PPE - Pesquisa e Planejamento Econômico - 48 - nº 01
58,/portal/images/stories/PDFs/ppe/180426_ppe_v48_n1_art_03.pdf,"ANÁLISE DO EFEITO DO GASTO SOCIAL DOS GOVERNOS FEDERAL, ESTADUAL E MUNICIPAL SOBRE A POBREZA NO BRASIL − 1988 A 2010",Martha Hanae Hiromoto,,PPE - Pesquisa e Planejamento Econômico - 48 - nº 01
59,/portal/images/stories/PDFs/ppe/180426_ppe_v48_n1_art_04.pdf,CUSTO ECONÔMICO DA ENERGIA EM MINAS GERAIS: IMPACTOS DAS ELEVAÇÕES DE TARIFAS ENTRE 2011 E 2015,"Aline Souza Magalhães, Kênia Barreiro de Souza, Terciane Sabadini Carvalho, Édson Paulo Domingues",,PPE - Pesquisa e Planejamento Econômico - 48 - nº 01
60,/portal/images/stories/PDFs/ppe/180426_ppe_v48_n1_art_05.pdf,"ENSINO PROFISSIONALIZANTE, DESEMPENHO ESCOLAR E INSERÇÃO PRODUTIVA: UMA ANÁLISE COM DADOS DO ENEM","Antônio José Negreiros Araújo, Flávia Chein, Cristine Pinto",,PPE - Pesquisa e Planejamento Econômico - 48 - nº 01
61,/portal/images/stories/PDFs/ppe/180426_ppe_v48_n1_art_06.pdf,IMPACTOS DOS PROGRAMAS DE TRANSFERÊNCIA DE RENDA BENEFÍCIO DE PRESTAÇÃO CONTINUADA E BOLSA FAMÍLIA SOBRE A ECONOMIA BRASILEIRA: UMA ANÁLISE DE EQUILÍBRIO GERAL,"Daiana Inocente da Silva, Joaquim Bento de Souza Ferreira Filho",,PPE - Pesquisa e Planejamento Econômico - 48 - nº 01
62,/portal/images/stories/PDFs/ppe/180105_ppe_v47_n3_art01.pdf,TREINAMENTO E BUSCA POR MELHORES PARCERIAS EM MERCADOS COM INFORMAÇÃO ASSIMÉTRICA,"Antonio Marcos Ambrózio, Gustavo Gonzaga, Humberto Moreira","2017 Dezembro - Volume 47, 3",PPE - Pesquisa e Planejamento Econômico - 47 - nº 03
63,/portal/images/stories/PDFs/ppe/180105_ppe_v47_n3_art02.pdf,A RELAÇÃO ENTRE O ENSINO SUPERIOR PÚBLICO E PRIVADO E A RENDA E EMPREGO NOS MUNICÍPIOS BRASILEIROS,"Roberto Hsu Rocha, Naercio Menezes Filho, Alison Pablo de Oliveira, Bruno Kawaoka Komatsu",,PPE - Pesquisa e Planejamento Econômico - 47 - nº 03
64,/portal/images/stories/PDFs/ppe/180105_ppe_v47_n3_art03.pdf,AMERICAN WAY OF LIFE E JEITINHO BRASILEIRO: COMO AFETAM A OFERTA DE TRABALHO DAS MULHERES?,"Regina Madalozzo, Priscylla Segantini",,PPE - Pesquisa e Planejamento Econômico - 47 - nº 03
65,/portal/images/stories/PDFs/ppe/180105_ppe_v47_n3_art04.pdf,UMA DECOMPOSIÇÃO DA DESIGUALDADE DE RENDIMENTOS ENTRE TRABALHO FORMAL E POR CONTA PRÓPRIA NO BRASIL (2000-2010): EVIDÊNCIAS A PARTIR DE REGRESSÕES QUANTÍLICAS,"Francieli Tonet Maciel, Ana Maria Hermeto C. de Oliveira",,PPE - Pesquisa e Planejamento Econômico - 47 - nº 03
66,/portal/images/stories/PDFs/ppe/180105_ppe_v47_n3_art05.pdf,ESTIMANDO O RETORNO DA ESCOLARIDADE DOS JOVENS POR CLASSE DE RENDA: 1997-2012,"Luciano Nakabashi, Leonardo Assahide",,PPE - Pesquisa e Planejamento Econômico - 47 - nº 03
67,/portal/images/stories/PDFs/ppe/180105_ppe_v47_n3_art06.pdf,SUBSTITUIÇÃO DE COMBUSTÍVEIS FÓSSEIS POR ETANOL E BIODIESEL NO BRASIL E SEUS IMPACTOS ECONÔMICOS: UMA AVALIAÇÃO DO PLANO NACIONAL DE ENERGIA 2030,"Jeronimo Alves dos Santos, Joaquim Bento de Souza Ferreira Filho",,PPE - Pesquisa e Planejamento Econômico - 47 - nº 03
68,/portal/images/stories/PDFs/ppe/180105_ppe_v47_n3_art07.pdf,"RESENHA DE INGLORIOUS REVOLUTION: POLITICAL INSTITUTIONS, SOVEREIGN DEBT, AND FINANCIAL UNDERDEVELOPMENT IN IMPERIAL BRAZIL",Leonardo Monasterio,,PPE - Pesquisa e Planejamento Econômico - 47 - nº 03
69,/portal/images/stories/PDFs/ppe/170925_ppe_v47_n2_art01.pdf,MUDANÇAS DE REGIME E MULTIPLICADORES FISCAIS NO BRASIL EM 1999-2012: UMA AVALIAÇÃO EMPÍRICA COM USO DA METODOLOGIA MS-SBVAR,"Marco Antonio Castelo-Branco, Elcyon C. Rocha Lima, Luiz Fernando de Paula","2017 Setembro - Volume 47, 2",PPE - Pesquisa e Planejamento Econômico - 47 - nº 02
70,/portal/images/stories/PDFs/ppe/170925_ppe_v47_n2_art02.pdf,AVALIAÇÃO DO EFEITO DO PACTO PELA REDUÇÃO DA MORTALIDADE INFANTIL NO NORDESTE E AMAZÔNIA LEGAL,"Danyelle Karine Santos Branco, Bladimir Carrillo Bermúdez, João Eustáquio de Lima",,PPE - Pesquisa e Planejamento Econômico - 47 - nº 02
71,/portal/images/stories/PDFs/ppe/170925_ppe_v47_n2_art03.pdf,"DEMANDA POR BEBIDAS ALCOÓLICAS E CIGARROS NO BRASIL: ELASTICIDADES, MICROSSIMULAÇÃO E VARIAÇÕES NO BEM-ESTAR","Aléssio Tony Cavalcanti de Almeida, Ignácio Tavares de Araújo Júnior",,PPE - Pesquisa e Planejamento Econômico - 47 - nº 02
72,/portal/images/stories/PDFs/ppe/170925_ppe_v47_n2_art04.pdf,UMA PROPOSTA METODOLÓGICA PARA A ESTIMAÇÃO DA MATRIZ DE ABSORÇÃO DE INVESTIMENTOS (MAI) PARA O PERÍODO 2000-2009,"Thiago Miguez, Fabio Freitas, Gabriel Squeff, Lucas Vasconcelos, Thiago Moraes",,PPE - Pesquisa e Planejamento Econômico - 47 - nº 02
73,/portal/images/stories/PDFs/ppe/170925_ppe_v47_n2_art05.pdf,NOVA EVIDÊNCIA DO EFEITO DO PESO CORPORAL NO SUCESSO NO MERCADO DE TRABALHO EM UM PAÍS EM DESENVOLVIMENTO,"Bladimir Carrillo, Pedro W. Vertino de Queiroz, Carlos A. Charris, Alexandre Bragança Coelho",,PPE - Pesquisa e Planejamento Econômico - 47 - nº 02
74,/portal/images/stories/PDFs/ppe/170925_ppe_v47_n2_art06.pdf,MEDIDAS ANTROPOMÉTRICAS E RETORNOS SALARIAIS COM ÊNFASE NO PADRÃO DE ATRATIVIDADE E SAÚDE CORPORAL,"Daniel Suliano, Guilherme Irffi, Márcio Veras Corrêa",,PPE - Pesquisa e Planejamento Econômico - 47 - nº 02
75,/portal/images/stories/PDFs/ppe/170731_ppe_v47_n1_art01.pdf,AVALIAÇÃO DO EFEITO DO FUNDEB SOBRE O DESEMPENHO DOS ALUNOS DO ENSINO MÉDIO NO BRASIL,"Iara Maira da Silveira, João Eustáquio de Lima, Evandro Camargos Teixeira, Rubicleis Gomes da Silva","2017 Abril - Volume 47, 1",PPE - Pesquisa e Planejamento Econômico - 47 - nº 01
76,/portal/images/stories/PDFs/ppe/170731_ppe_v47_n1_art02.pdf,INSTABILIDADES NA CURVA DE PHILLIPS NOVO-KEYNESIANA: UM ESTUDO EMPÍRICO PARA O BRASIL,"Gabriela Bezerra de Medeiros, Marcelo Savino Portugal, Edilean Kleber da Silva Bejarano Aragón",,PPE - Pesquisa e Planejamento Econômico - 47 - nº 01
77,/portal/images/stories/PDFs/ppe/170731_ppe_v47_n1_art03.pdf,O IMPACTO DA PARCERIA TRANSATLÂNTICA DE COMÉRCIO E INVESTIMENTO (TTIP) PARA A ECONOMIA BRASILEIRA,"Mygre Lopes da Silva, Daniel Arruda Coronel, Rodrigo Abbade da Silva",,PPE - Pesquisa e Planejamento Econômico - 47 - nº 01
78,/portal/images/stories/PDFs/ppe/170731_ppe_v47_n1_art04.pdf,DESCENTRALIZAÇÃO E PROVISÃO DE SERVIÇOS PÚBLICOS: EVIDÊNCIAS A PARTIR DA CRIAÇÃO DOS MUNICÍPIOS BRASILEIROS NO SETOR DE SANEAMENTO BÁSICO,"Maúna S. B. Rocha, Enlinson H. C. Mattos, Carlos C. S. Saiani",,PPE - Pesquisa e Planejamento Econômico - 47 - nº 01
79,/portal/images/stories/PDFs/ppe/170731_ppe_v47_n1_art05.pdf,SIMULAÇÃO DE POLÍTICAS CLIMÁTICAS E SEUS EFEITOS: UMA ANÁLISE DINÂMICA PARA O BRASIL E PAÍSES DO ANEXO I DO PROTOCOLO DE QUIOTO,"Lucas Vitor de Carvalho Sousa, Elaine Aparecida Fernandes, Evaldo Henrique da Silva, Jader Fernandes Cirino",,PPE - Pesquisa e Planejamento Econômico - 47 - nº 01
80,/portal/images/stories/PDFs/ppe/170731_ppe_v47_n1_art06.pdf,LEILÕES DE CURTO PRAZO NA INDÚSTRIA BRASILEIRA DE GÁS NATURAL,"Miguel Vazquez, Michelle Hallack",,PPE - Pesquisa e Planejamento Econômico - 47 - nº 01
81,,,,"2016 Dezembro - Volume 46, 3",PPE - Pesquisa e Planejamento Econômico - 46 - nº 03
82,,,,"2016 Agosto - Volume 46, 2",PPE - Pesquisa e Planejamento Econômico - 46 - nº 02
83,,,,"2016 Abril - Volume 46, 1",PPE - Pesquisa e Planejamento Econômico - 46 - nº 01
84,,,,"2015 Dezembro - Volume 45, 3",PPE - Pesquisa e Planejamento Econômico - 45 - nº 03
85,,,,"2015 Agosto - Volume 45, 2",PPE - Pesquisa e Planejamento Econômico - 45 - nº 02
86,,,,"2014 Dezembro- Volume 44, 3",PPE - Pesquisa e Planejamento Econômico - 44 - nº 03
87,,,,"2014 Agosto - Volume 44, 2",PPE - Pesquisa e Planejamento Econômico - 44 - nº 02
88,,,,"2014 Abril - Volume 44, 1",PPE - Pesquisa e Planejamento Econômico - 44 - nº 01
89,,,,"2013 Dezembro - Volume 43, 3",PPE - Pesquisa e Planejamento Econômico - 43 - nº 03
90,,,,"2013 Agosto - Volume 43, 2",PPE - Pesquisa e Planejamento Econômico - 43 - nº 02
91,,,,"2013 Abril - Volume 43, 1",PPE - Pesquisa e Planejamento Econômico - 43 - nº 01
92,,,,"2012 Dezembro - Volume 42, 3",PPE - Pesquisa e Planejamento Econômico - 42 - nº 03
93,,,,"2012 Agosto - Volume 42, 2",PPE - Pesquisa e Planejamento Econômico - 42 - nº 02
94,,,,"2012 Abril - Volume 42, 1",PPE - Pesquisa e Planejamento Econômico - 42 - nº 01
95,,,,"2011 Dezembro - Volume 41, 3",PPE - Pesquisa e Planejamento Econômico - 41 - nº 03
96,,,,"2011 Agosto - Volume 41, 2",PPE - Pesquisa e Planejamento Econômico - 41 - nº 02
97,,,,"2011 Abril - Volume 41, 1",PPE - Pesquisa e Planejamento Econômico - 41 - nº 01
98,,,,"2010 Dezembro - Volume 40, 3",PPE - Pesquisa e Planejamento Econômico - 40 - nº 03
99,,,,"2010 Agosto - Volume 40, 2",PPE - Pesquisa e Planejamento Econômico - 40 - nº 02
100,,,,"2010 Abril - Volume 40, 1",PPE - Pesquisa e Planejamento Econômico - 40 - nº 01
101,,,,"1996 Abril - Volume 26, 1",
102,,,,"1996 Agosto - Volume 26, 2",
103,,,,"1996 Dezembro - Volume 26, 3",
104,,,,"1997 Agosto - Volume 27, 2",
105,,,,"1997 Dezembro - Volume 27, 3",
106,,,,"1998 Abril - Volume 28, 1",
107,,,,"1998 Agosto - Volume 28, 2",
108,,,,"1998 Dezembro - Volume 28, 3",
109,,,,"1999 Abril - Volume 29, 1",
110,,,,"1999 Agosto - Volume 29, 2",
111,,,,"1999 Dezembro - Volume 29, 3",
112,,,,"2001 Abril - Volume 31, 1",
113,,,,"2001 Agosto - Volume 31, 2",
114,,,,"2001 Dezembro - Volume 31, 3",
115,,,,"2002 Abril - Volume 32, 1",
116,,,,"2002 Agosto - Volume 32, 2",
117,,,,"2002 Dezembro - Volume 32, 3",
118,,,,"2003 Abril - Volume 33, 1",
119,,,,"2003 Agosto - Volume 33, 2",
120,,,,"2003 Dezembro - Volume 33, 3",
121,,,,"2004 Abril - Volume 34, 1",
122,,,,"2004 Agosto - Volume 34, 2",
123,,,,"2004 Dezembro - Volume 34, 3",
124,,,,"2005 Abril - Volume 35, 1",
125,,,,"2005 Agosto - Volume 35, 2",
126,,,,"2005 Dezembro - Volume 35, 3",
127,,,,"2006 Abril - Volume 36, 1",
128,,,,"2006 Agosto - Volume 36, 2",
129,,,,"2006 Dezembro - Volume 36, 3",
130,,,,"2007 Abril - Volume 37, 1",
131,,,,"2007 Agosto - Volume 37, 2",
132,,,,"2007 Dezembro - Volume 37, 3",
133,,,,"2008 Abril - Volume 38, 1",
134,,,,"2008 Agosto - Volume 38, 2",
135,,,,"2008 Dezembro - Volume 38, 3",
136,,,,"2009 Abril - Volume 39, 1",PPE - Pesquisa e Planejamento Econômico - 39 - nº 01
137,,,,"2009 Agosto - Volume 39, 2",PPE - Pesquisa e Planejamento Econômico - 39 - nº 02
138,,,,"2009 Dezembro - Volume 39, 3",PPE - Pesquisa e Planejamento Econômico - 39 - nº 03
139,,,,"1995 Agosto - Volume 25, 2",
